subject_id,channel_index,channel_name,mean_abs_weight,std_abs_weight,mean_signed_weight,mean_l2_weight,n_fold_values,mean_collapse_ratio,collapse_rate,mean_spatial_relative_delta
1,3,AF3,0.104833204,0.012760956654525547,-0.0018181100000000006,0.110526932,5,0.53125,0.0,0.584230088
1,34,CP3,0.10079227399999999,0.02603517726573664,-0.035394010000000004,0.108130656,5,0.53125,0.0,0.584230088
1,58,Oz,0.097386366,0.0168011724964087,-0.034024366,0.10555171999999999,5,0.53125,0.0,0.584230088
1,39,CP6,0.095627006,0.007132927614986006,0.064231784,0.108506978,5,0.53125,0.0,0.584230088
1,31,T8,0.088250176,0.02555178406228379,0.059129084,0.100486204,5,0.53125,0.0,0.584230088
1,14,FT7,0.087815772,0.024725762412507523,-0.064400722,0.10129877000000001,5,0.53125,0.0,0.584230088
1,48,P6,0.087628074,0.01954711153749141,-0.084347346,0.10066967199999999,5,0.53125,0.0,0.584230088
1,45,Pz,0.08488407,0.009449422416700926,0.08344963600000001,0.101709932,5,0.53125,0.0,0.584230088
1,53,POz,0.084084492,0.010984355077840029,-0.035445076,0.098409242,5,0.53125,0.0,0.584230088
1,36,CPz,0.083816836,0.014470819139880438,0.060184446,0.089767086,5,0.53125,0.0,0.584230088
1,9,Fz,0.082920936,0.013596800791262628,0.082920936,0.08858841399999999,5,0.53125,0.0,0.584230088
1,46,P2,0.082554926,0.010374028788066383,-0.03074443,0.086974196,5,0.53125,0.0,0.584230088
1,17,FC1,0.079259974,0.004349207287452505,0.079259974,0.087498306,5,0.53125,0.0,0.584230088
1,29,C4,0.079208992,0.010720216024920863,0.029574880000000005,0.089543152,5,0.53125,0.0,0.584230088
1,13,F8,0.079013062,0.01721412852203445,0.048449252,0.084046838,5,0.53125,0.0,0.584230088
1,51,PO5,0.078298356,0.016922691530762184,0.052408886,0.082263766,5,0.53125,0.0,0.584230088
1,47,P4,0.07760988399999999,0.016923237867830728,0.044407178000000005,0.096289348,5,0.53125,0.0,0.584230088
1,8,F1,0.077225972,0.013444321892567508,-0.07258477199999999,0.09281054200000001,5,0.53125,0.0,0.584230088
1,19,FC2,0.076040084,0.005925094838754062,0.038112646,0.078475292,5,0.53125,0.0,0.584230088
1,56,PO8,0.075988444,0.01168705423565237,-0.011748164,0.081957286,5,0.53125,0.0,0.584230088
1,6,F5,0.074900566,0.006987430886404535,-0.018456023999999998,0.083816588,5,0.53125,0.0,0.584230088
1,35,CP1,0.073966146,0.013159829374164772,0.032377612,0.091291118,5,0.53125,0.0,0.584230088
1,4,AF4,0.073589532,0.003802956828307416,0.009064368,0.085535008,5,0.53125,0.0,0.584230088
1,30,C6,0.072967818,0.025478809975841104,-0.047407546,0.0868717,5,0.53125,0.0,0.584230088
1,21,FC6,0.07235665399999999,0.010171441560313858,-0.006782326,0.077247566,5,0.53125,0.0,0.584230088
1,49,P8,0.06993175,0.019147821027985144,-0.003827572,0.078368434,5,0.53125,0.0,0.584230088
1,57,O1,0.06934114599999999,0.024406020155921162,-0.003070786,0.074015676,5,0.53125,0.0,0.584230088
1,0,Fp1,0.069072982,0.019043411915496394,0.065647994,0.083743714,5,0.53125,0.0,0.584230088
1,43,P3,0.068523488,0.009660812673513547,0.068523488,0.07510869,5,0.53125,0.0,0.584230088
1,37,CP2,0.068395306,0.01731741362165927,0.00842797,0.07545149200000001,5,0.53125,0.0,0.584230088
1,5,F7,0.06819516,0.024803701851569458,0.045012958000000006,0.08028479000000001,5,0.53125,0.0,0.584230088
1,54,PO4,0.06721237599999999,0.01059913697804118,-0.022369348,0.080610788,5,0.53125,0.0,0.584230088
1,59,O2,0.061608984,0.021382812344025982,0.007236584000000002,0.07044309200000001,5,0.53125,0.0,0.584230088
1,41,P7,0.060718570000000006,0.014852581751742689,-0.059996328,0.069255754,5,0.53125,0.0,0.584230088
1,38,CP4,0.060319102,0.00530622924714623,-0.060319102,0.06636131,5,0.53125,0.0,0.584230088
1,16,FC3,0.060311477999999995,0.01305769842124446,-0.004183123999999999,0.073808502,5,0.53125,0.0,0.584230088
1,12,F6,0.059827138,0.02113510331590598,-0.02611483,0.070889482,5,0.53125,0.0,0.584230088
1,2,Fp2,0.058051116,0.00996279238698318,0.01854921,0.071097946,5,0.53125,0.0,0.584230088
1,20,FC4,0.057542882,0.018932101224209637,-0.049062624,0.072125988,5,0.53125,0.0,0.584230088
1,55,PO6,0.056403716000000007,0.011538090280561164,-0.005474761999999999,0.065676098,5,0.53125,0.0,0.584230088
1,22,FT8,0.056000704,0.009739681481857094,0.016256574000000003,0.072815346,5,0.53125,0.0,0.584230088
1,7,F3,0.0556725,0.011417689299864923,-0.020378689999999998,0.065750952,5,0.53125,0.0,0.584230088
1,11,F4,0.05354770799999999,0.014362925601169144,0.006389804000000001,0.05936424600000001,5,0.53125,0.0,0.584230088
1,1,Fpz,0.052931236000000007,0.008571988194358999,-0.002870904,0.060888708,5,0.53125,0.0,0.584230088
1,25,C3,0.051240076,0.00990246779966388,0.017047054,0.06592505400000001,5,0.53125,0.0,0.584230088
1,27,Cz,0.050232806,0.012968261580074254,-0.0008232339999999996,0.060480113999999995,5,0.53125,0.0,0.584230088
1,15,FC5,0.050084696000000005,0.021646166995674548,0.017988424,0.062045090000000004,5,0.53125,0.0,0.584230088
1,52,PO3,0.047999562,0.006233128793324423,0.022745832,0.060772614,5,0.53125,0.0,0.584230088
1,23,T7,0.04744774,0.0068807747945852735,0.0029519760000000003,0.051328823999999995,5,0.53125,0.0,0.584230088
1,24,C5,0.047089418,0.012004267589776976,0.014177410000000001,0.056341357999999994,5,0.53125,0.0,0.584230088
1,40,TP8,0.047011992,0.007161262953541784,0.037989247999999996,0.058389144000000004,5,0.53125,0.0,0.584230088
1,28,C2,0.04699629600000001,0.013316928743037186,-0.03484197,0.053643628,5,0.53125,0.0,0.584230088
1,26,C1,0.04609919,0.010297051772036497,0.039476005999999994,0.055052958,5,0.53125,0.0,0.584230088
1,33,CP5,0.041604436,0.016777080022475008,-0.017116265999999998,0.04599777,5,0.53125,0.0,0.584230088
1,42,P5,0.04145385,0.01602300411465809,-0.004125782,0.047980942,5,0.53125,0.0,0.584230088
1,10,F2,0.041263004000000006,0.008552747714376942,0.030479642,0.051319628000000006,5,0.53125,0.0,0.584230088
1,44,P1,0.036801732,0.010635867474504374,-0.017095322,0.044059508000000004,5,0.53125,0.0,0.584230088
1,18,FCz,0.032953670000000004,0.014560809001236848,0.006661546,0.040653890000000005,5,0.53125,0.0,0.584230088
1,32,TP7,0.032021792,0.01652269673399654,0.028411722,0.039524818,5,0.53125,0.0,0.584230088
1,50,PO7,0.01661627,0.0043292688223705855,0.015487168,0.020090755999999998,5,0.53125,0.0,0.584230088
2,43,P3,0.09547703199999999,0.006193311572254378,0.086980368,0.11023001800000001,5,0.5875,0.0,0.574331264
2,41,P7,0.09463221200000001,0.012703978671180933,-0.09325123799999999,0.103309812,5,0.5875,0.0,0.574331264
2,34,CP3,0.089309308,0.01053524995456776,-0.024314932,0.09732470800000001,5,0.5875,0.0,0.574331264
2,39,CP6,0.08767570799999999,0.010749118784468803,0.052900831999999995,0.101792628,5,0.5875,0.0,0.574331264
2,45,Pz,0.087629532,0.010018422870261067,0.07757609,0.10199322,5,0.5875,0.0,0.574331264
2,21,FC6,0.086710334,0.028397430478985766,-0.007144731999999999,0.0972686,5,0.5875,0.0,0.574331264
2,46,P2,0.086220578,0.015797687251074763,-0.029678888000000004,0.090888258,5,0.5875,0.0,0.574331264
2,53,POz,0.08412158,0.018868094517764642,-0.024179342,0.10297031999999999,5,0.5875,0.0,0.574331264
2,51,PO5,0.083896316,0.0049067944541197174,0.047863784,0.08792804400000001,5,0.5875,0.0,0.574331264
2,58,Oz,0.08114088,0.021638579314083913,-0.021169214,0.095865246,5,0.5875,0.0,0.574331264
2,49,P8,0.080364774,0.02041765540734244,0.03275717,0.08753583200000001,5,0.5875,0.0,0.574331264
2,9,Fz,0.078739364,0.0030834020552191962,0.07668882,0.088521802,5,0.5875,0.0,0.574331264
2,0,Fp1,0.077047144,0.00894484406753298,0.048952925999999994,0.08801351399999999,5,0.5875,0.0,0.574331264
2,7,F3,0.076582518,0.01840994704497191,-0.04287212,0.08676343,5,0.5875,0.0,0.574331264
2,47,P4,0.075208176,0.01383885273300789,0.03226667,0.08924062,5,0.5875,0.0,0.574331264
2,11,F4,0.075086576,0.018757906625737317,0.026074214000000002,0.084876628,5,0.5875,0.0,0.574331264
2,56,PO8,0.075009618,0.009070436085870954,0.009503736,0.076324654,5,0.5875,0.0,0.574331264
2,48,P6,0.07490081600000001,0.013944969749364104,-0.07321308800000001,0.082966496,5,0.5875,0.0,0.574331264
2,36,CPz,0.074741766,0.022899674689640895,0.058761998,0.08049746199999999,5,0.5875,0.0,0.574331264
2,38,CP4,0.073271562,0.011807935551882892,-0.07159879599999999,0.082910548,5,0.5875,0.0,0.574331264
2,26,C1,0.07181151599999999,0.032224402841586224,0.051795274,0.08410402,5,0.5875,0.0,0.574331264
2,42,P5,0.070627282,0.014640914620324099,-0.00086861,0.077259448,5,0.5875,0.0,0.574331264
2,13,F8,0.070273008,0.01169326432156436,0.049923212,0.077538884,5,0.5875,0.0,0.574331264
2,4,AF4,0.07026954199999999,0.013850369530854398,0.001102712,0.086326656,5,0.5875,0.0,0.574331264
2,8,F1,0.06868510400000001,0.005359747368442845,-0.056701537999999996,0.078555082,5,0.5875,0.0,0.574331264
2,12,F6,0.068663014,0.01826894573691596,-0.0016143920000000005,0.082533622,5,0.5875,0.0,0.574331264
2,16,FC3,0.068490522,0.014021174735400028,-0.023465465999999997,0.078009994,5,0.5875,0.0,0.574331264
2,3,AF3,0.067853478,0.015426148055498821,0.012409036,0.074503384,5,0.5875,0.0,0.574331264
2,59,O2,0.067477276,0.010317241058428848,0.019006672,0.071973218,5,0.5875,0.0,0.574331264
2,31,T8,0.066734286,0.013145010335520093,0.042682295999999995,0.07702664000000001,5,0.5875,0.0,0.574331264
2,29,C4,0.065685046,0.0191208693182091,0.026331356,0.075028552,5,0.5875,0.0,0.574331264
2,54,PO4,0.064674676,0.007906714695939145,-0.037530678,0.07557543200000001,5,0.5875,0.0,0.574331264
2,25,C3,0.062083719999999995,0.0108031645192948,0.049386802,0.070504752,5,0.5875,0.0,0.574331264
2,19,FC2,0.061156316,0.012804108926578215,0.035550706,0.076218648,5,0.5875,0.0,0.574331264
2,30,C6,0.060922796,0.010205121744346315,-0.04426629,0.075529532,5,0.5875,0.0,0.574331264
2,6,F5,0.060381776,0.011117857477928468,0.002653226,0.067671864,5,0.5875,0.0,0.574331264
2,20,FC4,0.060294892,0.007919564081953628,-0.03487808,0.069540766,5,0.5875,0.0,0.574331264
2,35,CP1,0.058995321999999996,0.015716552263849725,-0.026064778,0.064394752,5,0.5875,0.0,0.574331264
2,55,PO6,0.058319173999999994,0.009114973028250282,0.016155004,0.066375638,5,0.5875,0.0,0.574331264
2,14,FT7,0.05721592200000001,0.012609469618283714,-0.044414286000000004,0.07282664400000001,5,0.5875,0.0,0.574331264
2,28,C2,0.05685425399999999,0.02282862938511706,-0.015332195999999998,0.06572899,5,0.5875,0.0,0.574331264
2,22,FT8,0.055777865999999995,0.009154870799570577,0.014232327999999999,0.06545331,5,0.5875,0.0,0.574331264
2,40,TP8,0.053597969999999995,0.024698901175751728,0.04890504799999999,0.065580324,5,0.5875,0.0,0.574331264
2,50,PO7,0.05339657,0.004374620297568695,0.03402516,0.062963258,5,0.5875,0.0,0.574331264
2,57,O1,0.050575044,0.010176791235585014,0.005547522000000001,0.060631006,5,0.5875,0.0,0.574331264
2,37,CP2,0.050395884,0.01194216499536537,-0.024568542,0.065394006,5,0.5875,0.0,0.574331264
2,2,Fp2,0.049937487999999995,0.011649447625588092,0.009272052,0.063135668,5,0.5875,0.0,0.574331264
2,15,FC5,0.048573066,0.009222831918352414,0.04125667,0.061969814,5,0.5875,0.0,0.574331264
2,27,Cz,0.046476986,0.006959345629481265,-0.038826309999999996,0.053145832000000004,5,0.5875,0.0,0.574331264
2,24,C5,0.042973518,0.00399981231856821,0.012549135999999999,0.052234046,5,0.5875,0.0,0.574331264
2,17,FC1,0.042468736,0.015288612426256348,0.036593306000000006,0.05181479800000001,5,0.5875,0.0,0.574331264
2,52,PO3,0.040264016,0.010961218608751037,0.002798488,0.048294976,5,0.5875,0.0,0.574331264
2,5,F7,0.037831108,0.014459022185305963,0.02013335,0.046770288,5,0.5875,0.0,0.574331264
2,44,P1,0.037823850000000006,0.006590539606029995,-0.023081404,0.042934858,5,0.5875,0.0,0.574331264
2,10,F2,0.032341826000000004,0.010753579449459144,0.026297832,0.041607545999999995,5,0.5875,0.0,0.574331264
2,1,Fpz,0.032143043999999996,0.019424723411095975,0.0009496579999999997,0.03657881,5,0.5875,0.0,0.574331264
2,18,FCz,0.028037116,0.013040449240393522,-0.002263162,0.032590476,5,0.5875,0.0,0.574331264
2,32,TP7,0.024625392,0.011986837614676359,0.007261138,0.026765050000000002,5,0.5875,0.0,0.574331264
2,23,T7,0.02322764,0.006976772115996766,0.002467972,0.028215888,5,0.5875,0.0,0.574331264
2,33,CP5,0.020661298,0.010559639642675787,0.004983791999999999,0.023670256,5,0.5875,0.0,0.574331264
3,58,Oz,0.107836756,0.01938527200774676,-0.063020752,0.11351639599999999,5,0.56875,0.0,0.547341092
3,13,F8,0.104164352,0.01079363156867372,0.07361169,0.11233648999999998,5,0.56875,0.0,0.547341092
3,39,CP6,0.09828289999999999,0.026368279189894057,0.074201514,0.115711002,5,0.56875,0.0,0.547341092
3,3,AF3,0.090966852,0.003736952264074292,-0.004219196,0.09933392999999999,5,0.56875,0.0,0.547341092
3,31,T8,0.09007026,0.016507311517105078,0.067836886,0.096803534,5,0.56875,0.0,0.547341092
3,53,POz,0.089611286,0.010361187986115787,-0.043658836,0.094018586,5,0.56875,0.0,0.547341092
3,43,P3,0.08787426200000001,0.009759521853649897,0.082128792,0.10332406599999999,5,0.56875,0.0,0.547341092
3,34,CP3,0.084700146,0.013413889123005304,-0.052989506,0.09604693,5,0.56875,0.0,0.547341092
3,9,Fz,0.0829255,0.028976103752369812,0.078749676,0.09136715399999999,5,0.56875,0.0,0.547341092
3,47,P4,0.082732044,0.009480473309124913,0.036939758,0.092609932,5,0.56875,0.0,0.547341092
3,8,F1,0.082057652,0.007635441235961419,-0.07684888,0.09391849,5,0.56875,0.0,0.547341092
3,20,FC4,0.08181037399999999,0.006568083499326876,-0.07373400199999999,0.10452113,5,0.56875,0.0,0.547341092
3,51,PO5,0.079764722,0.01432945770146135,0.050168722,0.08298301999999999,5,0.56875,0.0,0.547341092
3,11,F4,0.078270702,0.003090877703059443,0.014297082,0.087133182,5,0.56875,0.0,0.547341092
3,26,C1,0.07771689600000001,0.009835150986730195,0.075035402,0.088250178,5,0.56875,0.0,0.547341092
3,49,P8,0.07464766,0.008068778364216609,0.012450204000000001,0.087900898,5,0.56875,0.0,0.547341092
3,56,PO8,0.07462993600000001,0.010183250977169815,-0.017075180000000002,0.07984798400000001,5,0.56875,0.0,0.547341092
3,41,P7,0.073418198,0.01394766991823437,-0.073418198,0.076664458,5,0.56875,0.0,0.547341092
3,4,AF4,0.072150206,0.014072212314399257,0.010620286,0.08606922,5,0.56875,0.0,0.547341092
3,21,FC6,0.070267278,0.009529135576707363,-0.052155244,0.07865450199999999,5,0.56875,0.0,0.547341092
3,36,CPz,0.06969740199999999,0.017051333984679028,0.066341972,0.08308285800000001,5,0.56875,0.0,0.547341092
3,32,TP7,0.069268042,0.014054044671973262,0.069268042,0.073455634,5,0.56875,0.0,0.547341092
3,22,FT8,0.066661814,0.011276991696856923,0.000587333999999999,0.07489903,5,0.56875,0.0,0.547341092
3,42,P5,0.06552205600000001,0.00767784021248359,0.007859679999999999,0.069882232,5,0.56875,0.0,0.547341092
3,16,FC3,0.064647002,0.008198594864674677,-0.017972974,0.072331368,5,0.56875,0.0,0.547341092
3,6,F5,0.064328968,0.014145113683928807,0.019387915999999998,0.07050151,5,0.56875,0.0,0.547341092
3,46,P2,0.064088162,0.015883216930188293,-0.031033484,0.06875582599999999,5,0.56875,0.0,0.547341092
3,0,Fp1,0.063921014,0.005946786958915713,0.055623266000000005,0.073591452,5,0.56875,0.0,0.547341092
3,59,O2,0.063631384,0.00425685136893221,0.018296068,0.070084364,5,0.56875,0.0,0.547341092
3,40,TP8,0.062906364,0.021466514125746634,0.057743924,0.070453616,5,0.56875,0.0,0.547341092
3,19,FC2,0.062514468,0.0069903204429246305,0.032164784,0.067183522,5,0.56875,0.0,0.547341092
3,48,P6,0.06241427200000001,0.018040766756252907,-0.06198632,0.071345248,5,0.56875,0.0,0.547341092
3,54,PO4,0.06051129399999999,0.01139876084225518,-0.047013804000000006,0.073071246,5,0.56875,0.0,0.547341092
3,35,CP1,0.060057443999999995,0.013365840232429456,-0.011076844,0.065447634,5,0.56875,0.0,0.547341092
3,45,Pz,0.059614342,0.010731956411976802,0.024128298,0.071531438,5,0.56875,0.0,0.547341092
3,5,F7,0.05933916,0.03249532663339992,0.030426036,0.066041454,5,0.56875,0.0,0.547341092
3,17,FC1,0.056570246000000005,0.016202662970207397,0.048945244,0.068076254,5,0.56875,0.0,0.547341092
3,29,C4,0.055599619999999995,0.011581365429950388,0.00047434800000000014,0.06324337799999999,5,0.56875,0.0,0.547341092
3,37,CP2,0.05543108,0.016762192358329805,0.014075548000000002,0.06543132,5,0.56875,0.0,0.547341092
3,2,Fp2,0.055045592,0.011533261227038951,-0.011699052,0.061981388000000005,5,0.56875,0.0,0.547341092
3,14,FT7,0.053387528,0.011995656782609696,-0.021314712000000003,0.063386704,5,0.56875,0.0,0.547341092
3,44,P1,0.053287143999999995,0.01872612820528125,-0.048537282,0.060034305999999996,5,0.56875,0.0,0.547341092
3,7,F3,0.05314057,0.014311280206311033,-0.023510336,0.065608864,5,0.56875,0.0,0.547341092
3,55,PO6,0.050122889999999996,0.00839152764679054,-0.011910026,0.060154012,5,0.56875,0.0,0.547341092
3,38,CP4,0.04989407999999999,0.019761208725074232,-0.036968418,0.060553328,5,0.56875,0.0,0.547341092
3,12,F6,0.04916308,0.01142375717018486,-0.021338978,0.054742164,5,0.56875,0.0,0.547341092
3,24,C5,0.048789295999999996,0.013381208366079275,0.017280782,0.05814939,5,0.56875,0.0,0.547341092
3,15,FC5,0.048462132000000005,0.020715509846306466,0.031662278,0.052194288,5,0.56875,0.0,0.547341092
3,50,PO7,0.042516717999999995,0.012924963764743018,0.035001304,0.050724368,5,0.56875,0.0,0.547341092
3,52,PO3,0.04065887,0.007884746710291332,0.004461097999999999,0.047530011999999996,5,0.56875,0.0,0.547341092
3,28,C2,0.039519858,0.007320698558014801,-0.021724894,0.044375505999999995,5,0.56875,0.0,0.547341092
3,23,T7,0.03940148,0.010282189635065579,0.021392440000000002,0.044923106000000004,5,0.56875,0.0,0.547341092
3,57,O1,0.03905016,0.007141828932661434,-0.001049096,0.048090158,5,0.56875,0.0,0.547341092
3,33,CP5,0.038905604,0.015733205714059995,0.027398860000000004,0.045049544000000004,5,0.56875,0.0,0.547341092
3,10,F2,0.036046206,0.007313055516996982,0.00810061,0.044528767999999996,5,0.56875,0.0,0.547341092
3,27,Cz,0.035618762,0.010315221469705338,-0.0024817779999999983,0.047695,5,0.56875,0.0,0.547341092
3,30,C6,0.03507135,0.006792904965719748,-0.024635426,0.04472735,5,0.56875,0.0,0.547341092
3,1,Fpz,0.029390054,0.010793076494977231,0.009468458,0.033136004000000004,5,0.56875,0.0,0.547341092
3,18,FCz,0.028716966,0.008261183860157697,-0.001397442,0.033077659999999995,5,0.56875,0.0,0.547341092
3,25,C3,0.022861747999999998,0.009791644564227707,-0.0040062100000000005,0.027696441999999998,5,0.56875,0.0,0.547341092
4,49,P8,0.100435458,0.0168439768845089,0.045692524,0.112773748,5,0.54375,0.0,0.60106138
4,56,PO8,0.096401598,0.011223185236073584,-0.022390488,0.10480731400000001,5,0.54375,0.0,0.60106138
4,13,F8,0.09194422199999999,0.0236168395552161,0.064516648,0.10936724,5,0.54375,0.0,0.60106138
4,21,FC6,0.088798266,0.005561171575102678,-0.007016322000000001,0.10306612799999999,5,0.54375,0.0,0.60106138
4,43,P3,0.08757498999999999,0.02139264593130429,0.086011418,0.099970902,5,0.54375,0.0,0.60106138
4,34,CP3,0.087331998,0.014024832860724932,-0.04908201399999999,0.096105628,5,0.54375,0.0,0.60106138
4,19,FC2,0.08677525999999999,0.023640967395521274,0.045143812,0.10060328599999999,5,0.54375,0.0,0.60106138
4,39,CP6,0.085656528,0.012086455728093741,0.051207348,0.09752255000000001,5,0.54375,0.0,0.60106138
4,58,Oz,0.085412288,0.012668806982447874,-0.024161863999999998,0.09606683,5,0.54375,0.0,0.60106138
4,36,CPz,0.08524641200000001,0.0038694598341848727,0.069331616,0.09620488,5,0.54375,0.0,0.60106138
4,15,FC5,0.08416781,0.017228259358923935,0.075264052,0.09340769600000001,5,0.54375,0.0,0.60106138
4,26,C1,0.08321451199999999,0.02394705172550412,0.060960466000000005,0.092879594,5,0.54375,0.0,0.60106138
4,45,Pz,0.08050603599999999,0.01343532429724642,0.076474396,0.09727421,5,0.54375,0.0,0.60106138
4,46,P2,0.079064496,0.005067117880322099,-0.000500828,0.08948478,5,0.54375,0.0,0.60106138
4,9,Fz,0.07833486199999999,0.01994395100261029,0.0763068,0.08673375,5,0.54375,0.0,0.60106138
4,3,AF3,0.07639906199999999,0.007377098584916027,0.014679566,0.08667792399999999,5,0.54375,0.0,0.60106138
4,35,CP1,0.07569752199999999,0.010119051812616638,0.004077794,0.085343996,5,0.54375,0.0,0.60106138
4,55,PO6,0.075059186,0.010887275780521496,-0.016144214,0.090876794,5,0.54375,0.0,0.60106138
4,53,POz,0.072726548,0.011978382187232966,0.002367052,0.082330976,5,0.54375,0.0,0.60106138
4,40,TP8,0.072212706,0.010290411512564988,0.056565321999999994,0.079328126,5,0.54375,0.0,0.60106138
4,8,F1,0.07117827800000001,0.0056770776842157145,-0.041914936,0.08048027399999999,5,0.54375,0.0,0.60106138
4,32,TP7,0.07089332000000001,0.025695590706602763,0.06785570199999999,0.080144888,5,0.54375,0.0,0.60106138
4,11,F4,0.07052939999999999,0.007359255628917229,0.0069065559999999995,0.076080282,5,0.54375,0.0,0.60106138
4,41,P7,0.069257392,0.027526452773384554,-0.069257392,0.074235332,5,0.54375,0.0,0.60106138
4,47,P4,0.06813355400000001,0.003616286589324746,0.055733588,0.091413362,5,0.54375,0.0,0.60106138
4,25,C3,0.06774029200000001,0.028259358504795717,0.041325407999999994,0.078291256,5,0.54375,0.0,0.60106138
4,20,FC4,0.06747446,0.018326406847692486,-0.030062714,0.07697078399999999,5,0.54375,0.0,0.60106138
4,31,T8,0.067086188,0.012249364005576779,0.067086188,0.071880874,5,0.54375,0.0,0.60106138
4,59,O2,0.066194664,0.009739904296931258,0.013368476,0.072581028,5,0.54375,0.0,0.60106138
4,44,P1,0.065378622,0.02770091852618104,-0.05571087,0.075553314,5,0.54375,0.0,0.60106138
4,17,FC1,0.06263527199999999,0.015630968552408073,0.024835612,0.068848474,5,0.54375,0.0,0.60106138
4,51,PO5,0.06259257,0.02258607397459439,0.0017485920000000002,0.073349952,5,0.54375,0.0,0.60106138
4,54,PO4,0.062365072,0.01063215917256556,-0.04898575,0.07887061199999999,5,0.54375,0.0,0.60106138
4,5,F7,0.060327123999999996,0.005025839305780677,-0.0004954919999999987,0.072228632,5,0.54375,0.0,0.60106138
4,22,FT8,0.05957616,0.01933641284574779,0.010424550000000001,0.071181244,5,0.54375,0.0,0.60106138
4,48,P6,0.05934976000000001,0.014522471178191403,-0.05521699,0.06910533199999999,5,0.54375,0.0,0.60106138
4,42,P5,0.05724248,0.018375830129477147,-0.014037847999999997,0.067213246,5,0.54375,0.0,0.60106138
4,57,O1,0.056215978,0.012514933397604235,-0.0014784520000000003,0.065559228,5,0.54375,0.0,0.60106138
4,12,F6,0.05429104,0.00418839395130759,-0.006289951999999999,0.06382149000000001,5,0.54375,0.0,0.60106138
4,16,FC3,0.05307316799999999,0.008882250457064358,0.042593016,0.075979814,5,0.54375,0.0,0.60106138
4,24,C5,0.052910596,0.018194478849061047,0.011186168,0.069209014,5,0.54375,0.0,0.60106138
4,29,C4,0.052414942,0.006484675795768048,0.02418309,0.06161388599999999,5,0.54375,0.0,0.60106138
4,0,Fp1,0.051930672,0.009666007604645777,0.044710368,0.064571442,5,0.54375,0.0,0.60106138
4,28,C2,0.051699114000000004,0.015804766329515284,-0.044726498,0.06252932,5,0.54375,0.0,0.60106138
4,4,AF4,0.051356217999999995,0.007732314479282384,-0.025529226,0.067483128,5,0.54375,0.0,0.60106138
4,30,C6,0.05042173400000001,0.0069650783705590864,-0.049318368,0.061991328,5,0.54375,0.0,0.60106138
4,52,PO3,0.049003189999999995,0.012116338415369143,0.010283266,0.05683695800000001,5,0.54375,0.0,0.60106138
4,23,T7,0.048306316,0.018520231351761784,-0.020565370000000003,0.057235594,5,0.54375,0.0,0.60106138
4,2,Fp2,0.046174996,0.008831248317954829,0.020266937999999998,0.060775095999999994,5,0.54375,0.0,0.60106138
4,6,F5,0.045472234,0.014351748442985266,0.011359876,0.054488236,5,0.54375,0.0,0.60106138
4,37,CP2,0.045251190000000004,0.011212413266391405,0.023232518,0.052421874,5,0.54375,0.0,0.60106138
4,38,CP4,0.045201974,0.011416215530022636,-0.036222054000000004,0.05215706600000001,5,0.54375,0.0,0.60106138
4,14,FT7,0.044956898,0.021790524775465368,-0.035991722,0.052095378000000005,5,0.54375,0.0,0.60106138
4,33,CP5,0.044751903999999995,0.02189120852072653,-0.027887202,0.049688792,5,0.54375,0.0,0.60106138
4,10,F2,0.042211191999999995,0.013470532906825549,0.00012238200000000004,0.045256726000000004,5,0.54375,0.0,0.60106138
4,7,F3,0.040836834,0.009494628303637271,0.004960050000000001,0.051269944,5,0.54375,0.0,0.60106138
4,50,PO7,0.039492276,0.010293300430189044,-0.010334794,0.048791938,5,0.54375,0.0,0.60106138
4,27,Cz,0.039446028,0.009712534860558801,0.00951553,0.048380344,5,0.54375,0.0,0.60106138
4,18,FCz,0.031798,0.01884063543759472,-0.00499632,0.03917859,5,0.54375,0.0,0.60106138
4,1,Fpz,0.022751206000000003,0.007231201079871172,-0.006125274,0.028623414000000003,5,0.54375,0.0,0.60106138
5,21,FC6,0.10796600199999999,0.011018436475250014,-0.027442964000000004,0.115690446,5,0.6,0.0,0.43612440799999996
5,43,P3,0.09924662399999999,0.011425352739529751,0.09924662399999999,0.11093110399999999,5,0.6,0.0,0.43612440799999996
5,8,F1,0.097645354,0.010821138849889136,-0.097645354,0.10500911800000001,5,0.6,0.0,0.43612440799999996
5,19,FC2,0.095408154,0.005706576328393406,0.043649148,0.10955045999999999,5,0.6,0.0,0.43612440799999996
5,36,CPz,0.09455355400000001,0.02132125109771657,0.07151525,0.10212829000000001,5,0.6,0.0,0.43612440799999996
5,3,AF3,0.091432808,0.009291340385782342,-0.002816662,0.094320422,5,0.6,0.0,0.43612440799999996
5,45,Pz,0.090737178,0.011947219799203077,0.071125218,0.10464658,5,0.6,0.0,0.43612440799999996
5,34,CP3,0.087760524,0.00981878289429652,-0.01296376,0.098015978,5,0.6,0.0,0.43612440799999996
5,48,P6,0.08746491599999999,0.01821611103252091,-0.08746491599999999,0.092092496,5,0.6,0.0,0.43612440799999996
5,51,PO5,0.086998438,0.014261243360504024,0.045901342,0.088092406,5,0.6,0.0,0.43612440799999996
5,39,CP6,0.085812994,0.008153069042098813,0.025129906,0.10297599799999999,5,0.6,0.0,0.43612440799999996
5,49,P8,0.085458106,0.007609520404176594,0.014581039999999998,0.090990784,5,0.6,0.0,0.43612440799999996
5,31,T8,0.084393194,0.006507750496898304,0.07148289199999999,0.091126674,5,0.6,0.0,0.43612440799999996
5,47,P4,0.083484556,0.002964300765969942,0.025514524,0.096125996,5,0.6,0.0,0.43612440799999996
5,53,POz,0.08335417,0.010231374259663263,-0.01653124,0.099173068,5,0.6,0.0,0.43612440799999996
5,58,Oz,0.08147708000000001,0.008507077660498344,-0.022200894,0.09014987199999999,5,0.6,0.0,0.43612440799999996
5,11,F4,0.08012627400000001,0.011615247504032361,0.016268354000000002,0.087894236,5,0.6,0.0,0.43612440799999996
5,56,PO8,0.078432506,0.010863401546114822,0.004326584,0.084856682,5,0.6,0.0,0.43612440799999996
5,16,FC3,0.077713856,0.017484204935306037,-0.03293525,0.08461379399999999,5,0.6,0.0,0.43612440799999996
5,38,CP4,0.076974998,0.010625332384710135,-0.076974998,0.086283688,5,0.6,0.0,0.43612440799999996
5,35,CP1,0.07668552399999999,0.001404106206000815,0.01137035,0.08839554000000001,5,0.6,0.0,0.43612440799999996
5,13,F8,0.074929466,0.01017312379382705,0.048605296000000006,0.08008533999999999,5,0.6,0.0,0.43612440799999996
5,14,FT7,0.074876054,0.015282379639101697,-0.074876054,0.08451893,5,0.6,0.0,0.43612440799999996
5,4,AF4,0.07375933,0.010204099809297243,-0.0019775960000000003,0.086632512,5,0.6,0.0,0.43612440799999996
5,54,PO4,0.0729781,0.01008991113669987,-0.030010828,0.080513172,5,0.6,0.0,0.43612440799999996
5,46,P2,0.07267954800000001,0.015505084777714699,-0.032227610000000004,0.07482691999999999,5,0.6,0.0,0.43612440799999996
5,30,C6,0.07190065799999999,0.009170580101036139,-0.071022192,0.07793082,5,0.6,0.0,0.43612440799999996
5,59,O2,0.07177182600000001,0.007975570503821652,0.03478248,0.073118844,5,0.6,0.0,0.43612440799999996
5,26,C1,0.068157514,0.008485801172330755,0.058934534,0.07834432399999999,5,0.6,0.0,0.43612440799999996
5,41,P7,0.06642891399999999,0.013539653926191395,-0.06642891399999999,0.071126902,5,0.6,0.0,0.43612440799999996
5,24,C5,0.065790952,0.006715181610430949,0.043920532,0.075353736,5,0.6,0.0,0.43612440799999996
5,15,FC5,0.064083268,0.009510185522681461,0.038288984000000005,0.06967226800000001,5,0.6,0.0,0.43612440799999996
5,0,Fp1,0.063262868,0.007654906047344403,0.061529208,0.07392795199999999,5,0.6,0.0,0.43612440799999996
5,40,TP8,0.06002371799999999,0.01182639392926136,0.039256234,0.066948836,5,0.6,0.0,0.43612440799999996
5,25,C3,0.059721282,0.018304130430258633,0.021453222,0.065113738,5,0.6,0.0,0.43612440799999996
5,7,F3,0.05932824,0.006709393251688267,-0.043176564,0.073690572,5,0.6,0.0,0.43612440799999996
5,42,P5,0.058550956,0.003534468983118964,0.015535080000000001,0.06568312400000001,5,0.6,0.0,0.43612440799999996
5,55,PO6,0.056667928,0.010054486839596538,0.013353902,0.060706076,5,0.6,0.0,0.43612440799999996
5,6,F5,0.0550627,0.01047137551643288,0.01780666,0.060126936,5,0.6,0.0,0.43612440799999996
5,9,Fz,0.054683552,0.006994145417738324,0.054683552,0.060001307999999996,5,0.6,0.0,0.43612440799999996
5,20,FC4,0.054275076,0.009799687938915709,-0.026951304,0.069914256,5,0.6,0.0,0.43612440799999996
5,22,FT8,0.05374376200000001,0.005711332117704241,0.010121814,0.06681922,5,0.6,0.0,0.43612440799999996
5,29,C4,0.053011145999999995,0.013371468937438404,-0.009405644000000001,0.063383284,5,0.6,0.0,0.43612440799999996
5,33,CP5,0.052317353999999996,0.02334591964768319,0.05201726599999999,0.061541208,5,0.6,0.0,0.43612440799999996
5,28,C2,0.052234422,0.016528069948650085,-0.052234422,0.059155672000000006,5,0.6,0.0,0.43612440799999996
5,50,PO7,0.05134603200000001,0.011896286276301526,0.030260392000000004,0.060133773999999994,5,0.6,0.0,0.43612440799999996
5,12,F6,0.050461098,0.007095331349776418,0.009509664000000001,0.06493323799999999,5,0.6,0.0,0.43612440799999996
5,27,Cz,0.04714721,0.007854284661154698,-0.006956741999999999,0.054474624000000006,5,0.6,0.0,0.43612440799999996
5,57,O1,0.047142412,0.007057347228826141,-0.006518350000000001,0.058773592,5,0.6,0.0,0.43612440799999996
5,52,PO3,0.04648669,0.013028136791590728,0.0004071579999999995,0.057450318,5,0.6,0.0,0.43612440799999996
5,2,Fp2,0.045302406,0.0034352262076142817,0.006191820000000001,0.05713386,5,0.6,0.0,0.43612440799999996
5,37,CP2,0.044934272,0.010034551600169785,0.004179447999999999,0.051653784,5,0.6,0.0,0.43612440799999996
5,23,T7,0.042627241999999996,0.006221150306745531,-0.000766572,0.050578538000000006,5,0.6,0.0,0.43612440799999996
5,17,FC1,0.042185850000000004,0.006408328725724827,0.036559872,0.048739130000000006,5,0.6,0.0,0.43612440799999996
5,5,F7,0.041695884,0.011980801021865361,0.014950562,0.047876010000000004,5,0.6,0.0,0.43612440799999996
5,10,F2,0.035869646,0.008410843018721725,0.009119502,0.041007914,5,0.6,0.0,0.43612440799999996
5,44,P1,0.031740774,0.00871618044154835,-0.027979999999999998,0.035637992,5,0.6,0.0,0.43612440799999996
5,32,TP7,0.024970776,0.01616347899888913,0.01893355,0.029698236,5,0.6,0.0,0.43612440799999996
5,1,Fpz,0.011486826,0.006377011889625893,0.002181274,0.013889273999999998,5,0.6,0.0,0.43612440799999996
5,18,FCz,0.010527742,0.0030778150365998276,0.004734596,0.013036632000000001,5,0.6,0.0,0.43612440799999996
6,48,P6,0.10081554,0.01513983769411846,-0.10081554,0.10711623399999999,5,0.5428571440000001,0.0,0.345751276
6,36,CPz,0.097381954,0.01003282986879973,0.063601504,0.10122861400000001,5,0.5428571440000001,0.0,0.345751276
6,56,PO8,0.09633187,0.01107930803345363,0.0014120259999999998,0.099582262,5,0.5428571440000001,0.0,0.345751276
6,13,F8,0.09517086999999999,0.009715498779416838,0.06475215999999999,0.10079782,5,0.5428571440000001,0.0,0.345751276
6,47,P4,0.090007094,0.009691010700699908,0.020606406,0.10115069000000002,5,0.5428571440000001,0.0,0.345751276
6,46,P2,0.088972408,0.008527039009830437,-0.043505874,0.09060064,5,0.5428571440000001,0.0,0.345751276
6,19,FC2,0.087451802,0.008794269494862556,0.050217336,0.09513740600000001,5,0.5428571440000001,0.0,0.345751276
6,34,CP3,0.08569049399999999,0.00535659424704075,-0.029568264,0.089037386,5,0.5428571440000001,0.0,0.345751276
6,45,Pz,0.085117966,0.009821256278596946,0.05140104399999999,0.089946302,5,0.5428571440000001,0.0,0.345751276
6,49,P8,0.08286657,0.010513171803606659,0.008919868000000001,0.088408882,5,0.5428571440000001,0.0,0.345751276
6,8,F1,0.08217059,0.015547042310055312,-0.08217059,0.09893755800000001,5,0.5428571440000001,0.0,0.345751276
6,21,FC6,0.081514646,0.00909306259749046,-0.016878103999999998,0.092139474,5,0.5428571440000001,0.0,0.345751276
6,53,POz,0.081217488,0.005534058453343263,-0.020077920000000003,0.092003024,5,0.5428571440000001,0.0,0.345751276
6,58,Oz,0.081002136,0.003541108866312925,-0.012372006,0.09396380600000001,5,0.5428571440000001,0.0,0.345751276
6,51,PO5,0.080600532,0.006175227512316449,0.054286522000000004,0.083541574,5,0.5428571440000001,0.0,0.345751276
6,26,C1,0.080300272,0.005199202572469169,0.079347834,0.08997205999999999,5,0.5428571440000001,0.0,0.345751276
6,55,PO6,0.080238084,0.011394349260494431,0.00037527199999999974,0.087459018,5,0.5428571440000001,0.0,0.345751276
6,3,AF3,0.078373704,0.011200982780123811,0.005177416,0.084972302,5,0.5428571440000001,0.0,0.345751276
6,38,CP4,0.076798742,0.01003955452988179,-0.073842394,0.09342328600000001,5,0.5428571440000001,0.0,0.345751276
6,11,F4,0.075814244,0.0046496357323805495,0.01198008,0.08617706,5,0.5428571440000001,0.0,0.345751276
6,9,Fz,0.075622148,0.011836725497141092,0.075622148,0.087165764,5,0.5428571440000001,0.0,0.345751276
6,43,P3,0.07303428,0.014308914586987373,0.068038198,0.083917414,5,0.5428571440000001,0.0,0.345751276
6,30,C6,0.06942869,0.01169157788067975,-0.06942869,0.074977462,5,0.5428571440000001,0.0,0.345751276
6,17,FC1,0.068165288,0.01413706423842553,0.067351468,0.080128006,5,0.5428571440000001,0.0,0.345751276
6,4,AF4,0.06775350799999999,0.005824935410566368,0.003198786,0.084684412,5,0.5428571440000001,0.0,0.345751276
6,6,F5,0.066886124,0.007144576465094345,0.0054450060000000005,0.070209508,5,0.5428571440000001,0.0,0.345751276
6,42,P5,0.066820074,0.007534077938190579,0.010381114,0.070668272,5,0.5428571440000001,0.0,0.345751276
6,35,CP1,0.06624212199999999,0.00686078071782796,-0.00400068,0.07151211399999999,5,0.5428571440000001,0.0,0.345751276
6,16,FC3,0.064018832,0.011277072117004483,-0.0011839860000000004,0.075744774,5,0.5428571440000001,0.0,0.345751276
6,15,FC5,0.064014638,0.008773917888034397,0.044052839999999996,0.07166396,5,0.5428571440000001,0.0,0.345751276
6,24,C5,0.06217476200000001,0.008579509598192077,0.027006591999999996,0.06987518399999999,5,0.5428571440000001,0.0,0.345751276
6,7,F3,0.062151444,0.008632934366142835,-0.024084616,0.06995767,5,0.5428571440000001,0.0,0.345751276
6,25,C3,0.061797000000000005,0.005360729698669764,0.03307239,0.067119568,5,0.5428571440000001,0.0,0.345751276
6,59,O2,0.061776724000000005,0.0067482325089485455,0.030447408,0.06693020000000001,5,0.5428571440000001,0.0,0.345751276
6,5,F7,0.061126032,0.013271469476083647,0.025110282,0.070654782,5,0.5428571440000001,0.0,0.345751276
6,39,CP6,0.061075203999999994,0.0104089333115901,0.01023539,0.071973498,5,0.5428571440000001,0.0,0.345751276
6,22,FT8,0.060445070000000004,0.003261501883289353,0.029493638,0.07635545,5,0.5428571440000001,0.0,0.345751276
6,31,T8,0.06008958600000001,0.007249600601428327,0.059365772,0.06632703799999999,5,0.5428571440000001,0.0,0.345751276
6,41,P7,0.058853840000000004,0.006026328569406919,-0.058853840000000004,0.065101134,5,0.5428571440000001,0.0,0.345751276
6,20,FC4,0.05773800999999999,0.005045610173878872,-0.036490732,0.069114528,5,0.5428571440000001,0.0,0.345751276
6,57,O1,0.057251762,0.00849782441689754,0.018342268000000002,0.063630444,5,0.5428571440000001,0.0,0.345751276
6,27,Cz,0.05606040799999999,0.010144790435335272,0.005584382000000001,0.06561613200000001,5,0.5428571440000001,0.0,0.345751276
6,0,Fp1,0.055161306,0.005422908934080492,0.049201143999999995,0.065901776,5,0.5428571440000001,0.0,0.345751276
6,54,PO4,0.055043352000000004,0.0080777708307348,-0.0459914,0.068963078,5,0.5428571440000001,0.0,0.345751276
6,2,Fp2,0.05482448399999999,0.00679566874412151,-0.00545096,0.062197552,5,0.5428571440000001,0.0,0.345751276
6,14,FT7,0.051675744,0.004926186977915067,-0.049734002,0.07121480599999999,5,0.5428571440000001,0.0,0.345751276
6,44,P1,0.050932614,0.0115332312932079,-0.049778028,0.059552801999999995,5,0.5428571440000001,0.0,0.345751276
6,52,PO3,0.04980127,0.0036293609440506197,0.006026076,0.055836434000000004,5,0.5428571440000001,0.0,0.345751276
6,50,PO7,0.049712684,0.008186853485584676,0.046621962,0.06169388,5,0.5428571440000001,0.0,0.345751276
6,12,F6,0.048592208,0.00980466656912003,0.009265942000000001,0.06264202199999999,5,0.5428571440000001,0.0,0.345751276
6,29,C4,0.044862896,0.015702176401605285,0.007814006,0.054740408,5,0.5428571440000001,0.0,0.345751276
6,40,TP8,0.043808908,0.006040872475360657,0.021339684,0.05173183,5,0.5428571440000001,0.0,0.345751276
6,37,CP2,0.04374823,0.013103093185368486,-0.007856506000000001,0.048346564,5,0.5428571440000001,0.0,0.345751276
6,23,T7,0.038604828,0.008727916817057205,0.01161423,0.045277242,5,0.5428571440000001,0.0,0.345751276
6,28,C2,0.03734616,0.008546873010698125,-0.036859508,0.040406858000000004,5,0.5428571440000001,0.0,0.345751276
6,18,FCz,0.036897278,0.008799670861161228,0.018682562,0.045106508000000003,5,0.5428571440000001,0.0,0.345751276
6,10,F2,0.035070805999999996,0.006979269605773944,0.005737086000000001,0.037473498,5,0.5428571440000001,0.0,0.345751276
6,32,TP7,0.025854969999999998,0.00641868551751447,0.02126616,0.031238736,5,0.5428571440000001,0.0,0.345751276
6,33,CP5,0.019390244,0.0077031252224522475,0.014849056,0.023890132,5,0.5428571440000001,0.0,0.345751276
6,1,Fpz,0.016596348,0.003837091661397991,0.002818604,0.018498172,5,0.5428571440000001,0.0,0.345751276
7,8,F1,0.107338304,0.0222834052988346,-0.10659325,0.12069908200000001,5,0.60625,0.0,0.586381874
7,45,Pz,0.10587908400000001,0.007904426674868962,0.10587908400000001,0.11059635599999999,5,0.60625,0.0,0.586381874
7,48,P6,0.10047088,0.013794047496599755,-0.10047088,0.10476813,5,0.60625,0.0,0.586381874
7,43,P3,0.099697202,0.019134317776540143,0.097541134,0.11766957199999999,5,0.60625,0.0,0.586381874
7,6,F5,0.09692181,0.014248869145642752,0.04766127,0.11109169599999999,5,0.60625,0.0,0.586381874
7,28,C2,0.093691394,0.005686931986267285,-0.093691394,0.095131292,5,0.60625,0.0,0.586381874
7,56,PO8,0.084603898,0.013093654048920789,-0.032903442,0.095403514,5,0.60625,0.0,0.586381874
7,17,FC1,0.084013812,0.02254827370527664,0.075078884,0.092919792,5,0.60625,0.0,0.586381874
7,34,CP3,0.08347991,0.012094262005746769,-0.056786982,0.088253128,5,0.60625,0.0,0.586381874
7,21,FC6,0.083428082,0.009939380846992939,0.01410602,0.08962178000000001,5,0.60625,0.0,0.586381874
7,58,Oz,0.082873738,0.006502192158077928,-0.003568676,0.099427214,5,0.60625,0.0,0.586381874
7,3,AF3,0.082118936,0.015571480357057582,-0.0002822080000000005,0.086823266,5,0.60625,0.0,0.586381874
7,38,CP4,0.07991858199999999,0.027999769920956853,-0.071384648,0.095327638,5,0.60625,0.0,0.586381874
7,26,C1,0.079250386,0.01127373632440594,0.057531456,0.083731342,5,0.60625,0.0,0.586381874
7,36,CPz,0.077002974,0.021100440839207125,0.070069906,0.084003838,5,0.60625,0.0,0.586381874
7,59,O2,0.076853204,0.011091518973527928,0.025776132,0.081593256,5,0.60625,0.0,0.586381874
7,41,P7,0.076850436,0.013388734198369166,-0.076850436,0.082205156,5,0.60625,0.0,0.586381874
7,51,PO5,0.076256304,0.010062856038341204,0.024610872,0.083179086,5,0.60625,0.0,0.586381874
7,19,FC2,0.07466731,0.02499767127426273,0.046465386,0.081786756,5,0.60625,0.0,0.586381874
7,49,P8,0.074616432,0.01093016512103408,-0.000426684,0.079042202,5,0.60625,0.0,0.586381874
7,47,P4,0.072979558,0.012177645434726702,0.033807411999999995,0.085299916,5,0.60625,0.0,0.586381874
7,4,AF4,0.072769658,0.009630378845822733,0.0034509600000000003,0.086802948,5,0.60625,0.0,0.586381874
7,54,PO4,0.07099256400000001,0.01411717772114632,-0.011132224,0.07549038799999999,5,0.60625,0.0,0.586381874
7,13,F8,0.070301288,0.033983864477072356,0.042463563999999995,0.07607335800000001,5,0.60625,0.0,0.586381874
7,5,F7,0.07017680600000001,0.02009726256610039,0.05167232200000001,0.087282048,5,0.60625,0.0,0.586381874
7,0,Fp1,0.068939074,0.010215855877080491,0.068398408,0.07912548999999999,5,0.60625,0.0,0.586381874
7,20,FC4,0.065495806,0.013202607812607705,-0.053045398,0.082514884,5,0.60625,0.0,0.586381874
7,39,CP6,0.06449257,0.01750815255165861,0.03827313,0.07864070599999999,5,0.60625,0.0,0.586381874
7,40,TP8,0.06398034,0.019747788359423948,0.062023898,0.075420488,5,0.60625,0.0,0.586381874
7,37,CP2,0.06391735400000001,0.01920451522764321,-0.008320468000000001,0.069790476,5,0.60625,0.0,0.586381874
7,7,F3,0.06356883399999999,0.013041257533628801,-0.045453456,0.07980017,5,0.60625,0.0,0.586381874
7,35,CP1,0.062367468,0.00807594843980074,0.008568313999999999,0.068015694,5,0.60625,0.0,0.586381874
7,16,FC3,0.061601378000000005,0.01579423223541176,-0.013056264000000001,0.069544734,5,0.60625,0.0,0.586381874
7,42,P5,0.061332342,0.003833576820088518,-0.006076806,0.06337911,5,0.60625,0.0,0.586381874
7,15,FC5,0.05906884999999999,0.010478826618150047,0.019571791999999998,0.067801908,5,0.60625,0.0,0.586381874
7,12,F6,0.058463973999999995,0.00683341042714617,0.005192790000000001,0.067627362,5,0.60625,0.0,0.586381874
7,52,PO3,0.05766515,0.011665231497152127,0.008429986,0.066165738,5,0.60625,0.0,0.586381874
7,9,Fz,0.056155568,0.012289636490711187,0.056155568,0.062520266,5,0.60625,0.0,0.586381874
7,55,PO6,0.0560229,0.009111428305172574,-0.022729402000000003,0.06352070400000001,5,0.60625,0.0,0.586381874
7,46,P2,0.05512631999999999,0.006634132875956734,0.0033687559999999992,0.066560802,5,0.60625,0.0,0.586381874
7,29,C4,0.05352695,0.004837365578380446,-0.032450787999999994,0.064140282,5,0.60625,0.0,0.586381874
7,27,Cz,0.052636015999999994,0.012559737754327517,-0.033075012,0.06908467199999999,5,0.60625,0.0,0.586381874
7,24,C5,0.052082470000000006,0.00957187999032322,0.010999642,0.057325066,5,0.60625,0.0,0.586381874
7,11,F4,0.050843835999999996,0.008434773078514325,0.023143718,0.059324694,5,0.60625,0.0,0.586381874
7,53,POz,0.048889048000000004,0.005822311354279329,0.037980716000000005,0.072471588,5,0.60625,0.0,0.586381874
7,22,FT8,0.048783572,0.011068164586177787,0.033261224,0.063127842,5,0.60625,0.0,0.586381874
7,57,O1,0.046521796,0.014905582314486406,-0.00699848,0.054459848,5,0.60625,0.0,0.586381874
7,14,FT7,0.045473589999999994,0.023025657428798856,-0.022323316,0.058945698000000005,5,0.60625,0.0,0.586381874
7,50,PO7,0.044993956,0.004289422771892508,0.015693354,0.053525332,5,0.60625,0.0,0.586381874
7,44,P1,0.042789956000000004,0.008639563544544943,-0.0030433380000000005,0.051118916,5,0.60625,0.0,0.586381874
7,31,T8,0.042253576,0.01267995581299596,0.025441208,0.052809746000000005,5,0.60625,0.0,0.586381874
7,2,Fp2,0.038241708,0.0038369111295506967,0.007152948000000001,0.046909427999999996,5,0.60625,0.0,0.586381874
7,23,T7,0.037543888000000004,0.017047151782074037,0.0013340800000000003,0.042175357999999996,5,0.60625,0.0,0.586381874
7,32,TP7,0.036712116,0.009766930940383986,0.019761452,0.041577932,5,0.60625,0.0,0.586381874
7,18,FCz,0.031778934,0.014597106012615308,0.002469736000000001,0.038704803999999995,5,0.60625,0.0,0.586381874
7,33,CP5,0.030677238000000003,0.023773375319994423,-0.02315289,0.036999409999999996,5,0.60625,0.0,0.586381874
7,10,F2,0.029615374,0.005972454598900689,0.006106182,0.035495962,5,0.60625,0.0,0.586381874
7,30,C6,0.029427888000000003,0.004664016422888108,-0.020521636,0.037083866,5,0.60625,0.0,0.586381874
7,25,C3,0.028199042,0.005255931137117381,0.008631758,0.036227606,5,0.60625,0.0,0.586381874
7,1,Fpz,0.026733128000000002,0.008762283383683159,0.015104336,0.032702192000000005,5,0.60625,0.0,0.586381874
8,58,Oz,0.10204236200000001,0.013963592930550503,-0.039268036,0.109299218,5,0.575,0.0,0.658100846
8,51,PO5,0.10127035799999999,0.042038731424786945,0.067203476,0.108848334,5,0.575,0.0,0.658100846
8,43,P3,0.099047388,0.025947261632230486,0.09382188,0.108127198,5,0.575,0.0,0.658100846
8,3,AF3,0.09689236,0.008618743396009074,0.012478478000000001,0.105135062,5,0.575,0.0,0.658100846
8,21,FC6,0.09573238399999999,0.0394313330269461,-0.027279774,0.104848736,5,0.575,0.0,0.658100846
8,49,P8,0.09475378599999999,0.010123021168024885,0.029684636000000004,0.104540012,5,0.575,0.0,0.658100846
8,54,PO4,0.093165462,0.02612495696249221,-0.091801332,0.102997016,5,0.575,0.0,0.658100846
8,34,CP3,0.09149666599999999,0.023675616283875905,-0.039782187999999996,0.104031374,5,0.575,0.0,0.658100846
8,46,P2,0.090694204,0.010791184360427265,-0.057738924000000004,0.103672622,5,0.575,0.0,0.658100846
8,40,TP8,0.089509588,0.02263672102661006,0.039333006,0.099052636,5,0.575,0.0,0.658100846
8,26,C1,0.088922154,0.027700111146264923,0.086710738,0.10315083600000001,5,0.575,0.0,0.658100846
8,56,PO8,0.08890013599999999,0.010210538164050414,0.02360891,0.096323968,5,0.575,0.0,0.658100846
8,17,FC1,0.08717139,0.01621922076560246,0.082618582,0.096553052,5,0.575,0.0,0.658100846
8,13,F8,0.085384112,0.016737346041583764,0.037139854,0.10090074,5,0.575,0.0,0.658100846
8,48,P6,0.081754004,0.019715156080690306,-0.081754004,0.089763744,5,0.575,0.0,0.658100846
8,47,P4,0.081657802,0.01055659362951516,0.02813149,0.097353224,5,0.575,0.0,0.658100846
8,19,FC2,0.079755818,0.009507664850670226,0.049374838,0.09395036999999999,5,0.575,0.0,0.658100846
8,11,F4,0.07672791400000001,0.011200748041810869,-0.0014014819999999997,0.08265249799999999,5,0.575,0.0,0.658100846
8,39,CP6,0.07554143399999999,0.014818255969817432,0.048865544,0.08753625400000001,5,0.575,0.0,0.658100846
8,8,F1,0.075173466,0.014196880299737683,-0.075173466,0.086130334,5,0.575,0.0,0.658100846
8,15,FC5,0.074739998,0.015338289171511917,0.06974014399999999,0.08532873599999999,5,0.575,0.0,0.658100846
8,25,C3,0.07375088199999999,0.014790541977810347,0.056581627999999995,0.090727326,5,0.575,0.0,0.658100846
8,55,PO6,0.073199146,0.00892310752574068,0.027309194,0.084219314,5,0.575,0.0,0.658100846
8,44,P1,0.07278418,0.025742846020115954,-0.059540760000000005,0.083023454,5,0.575,0.0,0.658100846
8,0,Fp1,0.070556666,0.010859569955216,0.070274852,0.084537984,5,0.575,0.0,0.658100846
8,4,AF4,0.069257844,0.010772924326612993,-0.012966122,0.08683192199999999,5,0.575,0.0,0.658100846
8,6,F5,0.06899782,0.009948443759131375,0.046987766,0.08560680600000001,5,0.575,0.0,0.658100846
8,16,FC3,0.06841246599999999,0.024430217982749965,0.036896,0.093223256,5,0.575,0.0,0.658100846
8,9,Fz,0.06841026,0.014090237098005132,0.06629966200000001,0.07599191,5,0.575,0.0,0.658100846
8,24,C5,0.06801307599999999,0.011749985419717762,0.039122794,0.07757644,5,0.575,0.0,0.658100846
8,35,CP1,0.067172894,0.01948056287054432,-0.014338628,0.079948468,5,0.575,0.0,0.658100846
8,22,FT8,0.06676046399999999,0.019687250652377284,0.011951574000000001,0.07740602199999999,5,0.575,0.0,0.658100846
8,57,O1,0.06595232799999999,0.013734558397016997,-0.005417564,0.080953724,5,0.575,0.0,0.658100846
8,27,Cz,0.064014472,0.00835868843357736,-0.018552488,0.077095416,5,0.575,0.0,0.658100846
8,20,FC4,0.063604178,0.009650916872575892,-0.027880522,0.07378159399999999,5,0.575,0.0,0.658100846
8,36,CPz,0.063050784,0.029986097864340068,0.039908786,0.07408189000000001,5,0.575,0.0,0.658100846
8,5,F7,0.062910506,0.014666191021437026,0.043972892,0.080423462,5,0.575,0.0,0.658100846
8,53,POz,0.062765132,0.008766605850414408,-0.041655434000000005,0.0767791,5,0.575,0.0,0.658100846
8,52,PO3,0.062069954000000004,0.004139654683766512,-0.0021224139999999996,0.072659396,5,0.575,0.0,0.658100846
8,30,C6,0.05994619599999999,0.021464258817536188,-0.01083611,0.071770676,5,0.575,0.0,0.658100846
8,41,P7,0.05883425799999999,0.020840799309452363,-0.047097368,0.06616670599999999,5,0.575,0.0,0.658100846
8,45,Pz,0.058233099999999996,0.01869594108580656,0.024836548,0.06787461,5,0.575,0.0,0.658100846
8,12,F6,0.058103117999999995,0.014403204492704743,-0.018996412,0.073037662,5,0.575,0.0,0.658100846
8,37,CP2,0.057548886,0.008909532243974989,-0.021561208,0.065964188,5,0.575,0.0,0.658100846
8,23,T7,0.05476774399999999,0.011490050970562753,0.007879872,0.06655491999999999,5,0.575,0.0,0.658100846
8,38,CP4,0.053979988,0.01065027275889073,-0.04094399,0.06917398799999999,5,0.575,0.0,0.658100846
8,31,T8,0.053919238,0.012418757204524131,0.022749956,0.061496136,5,0.575,0.0,0.658100846
8,14,FT7,0.05062493,0.013642824195347167,-0.003714756000000001,0.0608306,5,0.575,0.0,0.658100846
8,29,C4,0.049777982,0.010509875705010501,0.048806516,0.06186014200000001,5,0.575,0.0,0.658100846
8,59,O2,0.047911766,0.028273143336118113,0.008607112000000002,0.053433436,5,0.575,0.0,0.658100846
8,7,F3,0.047494848,0.008458677412519643,-0.015137586,0.059427682,5,0.575,0.0,0.658100846
8,33,CP5,0.047116952000000004,0.02315855204358576,0.04157259,0.05559428600000001,5,0.575,0.0,0.658100846
8,28,C2,0.043837672,0.01782381080087729,-0.042451426,0.050593814,5,0.575,0.0,0.658100846
8,18,FCz,0.043196244,0.015733624375461937,0.0013426,0.048641478,5,0.575,0.0,0.658100846
8,10,F2,0.042555996,0.01876034259196457,-0.0031031619999999996,0.045136246,5,0.575,0.0,0.658100846
8,2,Fp2,0.040876286,0.00977711562373229,0.006261562,0.046774272,5,0.575,0.0,0.658100846
8,42,P5,0.039964456,0.007140812248216586,-0.002866108,0.044415856,5,0.575,0.0,0.658100846
8,32,TP7,0.035612564,0.014109950276782694,0.022402726,0.041595372000000005,5,0.575,0.0,0.658100846
8,50,PO7,0.028533641999999998,0.0056717233425626476,0.022992668,0.035011104,5,0.575,0.0,0.658100846
8,1,Fpz,0.027983634,0.009633810852652237,0.0014541439999999999,0.035654292,5,0.575,0.0,0.658100846
9,30,C6,0.109962678,0.013440899071396607,-0.109962678,0.114696884,5,0.5375,0.0,0.529606538
9,16,FC3,0.104186892,0.019654924152350987,-0.042236632,0.11019657199999999,5,0.5375,0.0,0.529606538
9,5,F7,0.103405064,0.02093453993712138,0.066198824,0.12397711199999999,5,0.5375,0.0,0.529606538
9,43,P3,0.099001772,0.013875438691249369,0.09331313399999999,0.111513646,5,0.5375,0.0,0.529606538
9,21,FC6,0.098034684,0.00466469687272174,-0.053304934000000005,0.11419211,5,0.5375,0.0,0.529606538
9,58,Oz,0.09771487,0.009142153081629627,-0.029794056000000003,0.10725973200000001,5,0.5375,0.0,0.529606538
9,19,FC2,0.094868654,0.023698788037544875,0.04500553,0.10030671,5,0.5375,0.0,0.529606538
9,9,Fz,0.091704518,0.02082110024934009,0.09097382,0.101178128,5,0.5375,0.0,0.529606538
9,6,F5,0.091106146,0.011951225994525836,0.030957672,0.097557226,5,0.5375,0.0,0.529606538
9,34,CP3,0.091013846,0.009560438835755915,-0.04615309399999999,0.093170116,5,0.5375,0.0,0.529606538
9,3,AF3,0.086963996,0.007078925039632083,0.016759154000000002,0.094402404,5,0.5375,0.0,0.529606538
9,11,F4,0.08544602999999999,0.004709914428835197,0.017785119999999998,0.097945538,5,0.5375,0.0,0.529606538
9,47,P4,0.08341200800000001,0.005087528401500086,0.070391238,0.110712078,5,0.5375,0.0,0.529606538
9,45,Pz,0.08269608399999999,0.01505179130128803,0.08269608399999999,0.098342682,5,0.5375,0.0,0.529606538
9,22,FT8,0.080314594,0.015591115958770555,-0.035549444,0.085835052,5,0.5375,0.0,0.529606538
9,49,P8,0.07557391799999999,0.007765234752531312,0.004958144,0.080973236,5,0.5375,0.0,0.529606538
9,39,CP6,0.07481310799999999,0.010398095204974804,0.04014398,0.084616184,5,0.5375,0.0,0.529606538
9,56,PO8,0.0727607,0.012352405267697862,0.01967825,0.083075692,5,0.5375,0.0,0.529606538
9,59,O2,0.07227123199999999,0.008385215639208094,0.04613042,0.077373974,5,0.5375,0.0,0.529606538
9,4,AF4,0.072121618,0.010849555380160513,0.016438176,0.080701106,5,0.5375,0.0,0.529606538
9,38,CP4,0.071288186,0.019801739076778836,-0.066565862,0.080738876,5,0.5375,0.0,0.529606538
9,36,CPz,0.070512564,0.008759998373591746,0.05982691,0.079140352,5,0.5375,0.0,0.529606538
9,51,PO5,0.070439082,0.0038996620531425515,0.023504861999999998,0.074653146,5,0.5375,0.0,0.529606538
9,12,F6,0.069692752,0.013188258919253522,-0.01027367,0.07793175599999999,5,0.5375,0.0,0.529606538
9,26,C1,0.069356902,0.009419956648677851,0.039421123999999995,0.07599397199999999,5,0.5375,0.0,0.529606538
9,41,P7,0.06933868,0.008744633680995447,-0.06933868,0.070906596,5,0.5375,0.0,0.529606538
9,15,FC5,0.06862220399999999,0.011385323912716757,0.064495766,0.08128274799999999,5,0.5375,0.0,0.529606538
9,23,T7,0.0637763,0.006944621645255411,0.033057744,0.06732083200000001,5,0.5375,0.0,0.529606538
9,42,P5,0.061946604,0.004499449962754339,0.0039014019999999996,0.066892654,5,0.5375,0.0,0.529606538
9,35,CP1,0.061352806,0.007826497811104912,-0.012980891999999999,0.065921216,5,0.5375,0.0,0.529606538
9,20,FC4,0.061218909999999994,0.014741669927041848,-0.03601979600000001,0.07703705400000001,5,0.5375,0.0,0.529606538
9,46,P2,0.059734102,0.005930126290701576,-0.0029314199999999997,0.072230762,5,0.5375,0.0,0.529606538
9,0,Fp1,0.05818667600000001,0.005507198530208439,0.055635142000000005,0.070026042,5,0.5375,0.0,0.529606538
9,48,P6,0.057834068,0.018497727522816688,-0.057334989999999995,0.065022776,5,0.5375,0.0,0.529606538
9,7,F3,0.05775674200000001,0.0024094052263515177,-0.014850859999999999,0.067289448,5,0.5375,0.0,0.529606538
9,55,PO6,0.057597324000000005,0.018315935206643968,0.03038408,0.066158354,5,0.5375,0.0,0.529606538
9,8,F1,0.056639322000000006,0.01389174469751622,-0.05149393,0.071362852,5,0.5375,0.0,0.529606538
9,17,FC1,0.05505565800000001,0.006311660376491278,0.052943034,0.06466765,5,0.5375,0.0,0.529606538
9,13,F8,0.054773936,0.013849102418102046,0.034517332,0.057424781999999994,5,0.5375,0.0,0.529606538
9,24,C5,0.054085501999999994,0.011845838081989805,0.030892502,0.06223875999999999,5,0.5375,0.0,0.529606538
9,52,PO3,0.054048982,0.009200599260801984,0.004172574,0.06196572,5,0.5375,0.0,0.529606538
9,53,POz,0.053792134000000005,0.007629231587003371,0.0020109060000000002,0.061045904000000005,5,0.5375,0.0,0.529606538
9,57,O1,0.051563512,0.008335031125776916,-0.023248631999999998,0.066653138,5,0.5375,0.0,0.529606538
9,54,PO4,0.050953347999999996,0.007630319408656497,0.004249994,0.054304874,5,0.5375,0.0,0.529606538
9,29,C4,0.050757105999999996,0.010116105038589701,0.020757935999999998,0.056293732,5,0.5375,0.0,0.529606538
9,28,C2,0.049730124,0.01898346091157985,-0.041458792,0.056081998,5,0.5375,0.0,0.529606538
9,10,F2,0.047884418,0.008079107902242052,0.029769566000000004,0.056002456,5,0.5375,0.0,0.529606538
9,44,P1,0.047525842,0.0038886821599508478,-0.022860819999999997,0.054593426,5,0.5375,0.0,0.529606538
9,27,Cz,0.046165034,0.007983289310010631,-0.010282844,0.055466938,5,0.5375,0.0,0.529606538
9,2,Fp2,0.04384259,0.003940812803895917,0.0009306379999999999,0.053990274000000005,5,0.5375,0.0,0.529606538
9,25,C3,0.039604962,0.007992465544249785,0.020534987999999997,0.049237286000000005,5,0.5375,0.0,0.529606538
9,14,FT7,0.037202722,0.006571673435295609,0.009375606,0.044134214,5,0.5375,0.0,0.529606538
9,40,TP8,0.037135035999999996,0.005687897288535547,0.02264002,0.04513601,5,0.5375,0.0,0.529606538
9,31,T8,0.035999872,0.007138218510603331,0.004678430000000001,0.042401106,5,0.5375,0.0,0.529606538
9,50,PO7,0.035787440000000004,0.005652620562026961,0.010217796,0.042081464,5,0.5375,0.0,0.529606538
9,37,CP2,0.035156276,0.004343124302841216,-0.0035214600000000006,0.040761439999999996,5,0.5375,0.0,0.529606538
9,18,FCz,0.027262007999999997,0.004562350026633204,0.007970108,0.031615528000000004,5,0.5375,0.0,0.529606538
9,33,CP5,0.022562528000000002,0.008700865861583548,0.008823558,0.025782744000000003,5,0.5375,0.0,0.529606538
9,32,TP7,0.0197651,0.007989573701168292,0.005054652000000001,0.02370345,5,0.5375,0.0,0.529606538
9,1,Fpz,0.013687396000000001,0.004141932507058752,-0.0016852920000000001,0.017298522,5,0.5375,0.0,0.529606538
