subject_id,fold_id,accuracy,balanced_accuracy,prediction_histogram,collapse_ratio,collapse_flag,majority_predicted_class,spatial_delta_l2,spatial_delta_max_abs,spatial_relative_delta,spatial_changed,mean_confidence,mean_normalized_prediction_entropy,n_trainable_params_final
1,1,0.625,0.625,"[7, 1]",0.875,False,0,1.39100692,0.34764231,1.16550579,True,0.7181552,0.82311607,2170
1,2,0.375,0.375,"[1, 7]",0.875,False,1,0.00618097,0.0008994,0.00517895,True,0.50717695,0.99983727,2170
1,3,0.125,0.125,"[5, 3]",0.625,False,0,0.66044902,0.17471699,0.55338125,True,0.52328579,0.9978543,2170
1,4,0.75,0.75,"[2, 6]",0.75,False,1,1.11108512,0.33636191,0.93096312,True,0.5893604,0.96128707,2170
1,5,0.375,0.375,"[5, 3]",0.625,False,0,1.43300902,0.32251652,1.20069878,True,0.71070236,0.8100708,2170
2,1,0.75,0.75,"[4, 4]",0.5,False,0,0.70679639,0.17418896,0.59221508,True,0.54401565,0.99187702,2170
2,2,0.625,0.625,"[5, 3]",0.625,False,0,0.76290459,0.15575994,0.63922739,True,0.59232468,0.95511182,2170
2,3,0.625,0.625,"[3, 5]",0.625,False,1,1.00011612,0.28883016,0.8379837,True,0.62233155,0.93142859,2170
2,4,0.5,0.5,"[0, 8]",1.0,True,1,0.00708912,0.0009008,0.00593988,True,0.5075747,0.99981564,2170
2,5,0.5,0.5,"[0, 8]",1.0,True,1,0.00706112,0.00089996,0.00591642,True,0.50673382,0.99984433,2170
3,1,0.5,0.5,"[0, 8]",1.0,True,1,0.00638714,0.00089614,0.00535169,True,0.50686516,0.9998606,2170
3,2,0.5,0.5,"[2, 6]",0.75,False,1,0.05571976,0.00947569,0.04668683,True,0.50480407,0.99989972,2170
3,3,0.5,0.5,"[6, 2]",0.75,False,0,0.53724257,0.12669482,0.45014825,True,0.5764013,0.97293495,2170
3,4,0.5,0.5,"[0, 8]",1.0,True,1,0.00599475,0.00090008,0.00502292,True,0.50630729,0.99985984,2170
3,5,0.5,0.5,"[0, 8]",1.0,True,1,0.00671334,0.00089659,0.00562502,True,0.50617239,0.99986434,2170
4,1,0.5,0.5,"[0, 8]",1.0,True,1,0.00705211,0.00090135,0.00590886,True,0.50668884,0.99985283,2170
4,2,0.875,0.875,"[5, 3]",0.625,False,0,0.41376159,0.09662096,0.34668521,True,0.54709224,0.98973155,2170
4,3,0.25,0.25,"[6, 2]",0.75,False,0,1.09398979,0.30574556,0.91663917,True,0.67218772,0.88079298,2170
4,4,0.625,0.625,"[5, 3]",0.625,False,0,0.96960333,0.24896049,0.81241745,True,0.70501317,0.80739001,2170
4,5,0.75,0.75,"[4, 4]",0.5,False,0,0.44420602,0.09201614,0.37219418,True,0.55086705,0.98814556,2170
5,1,0.5,0.5,"[0, 8]",1.0,True,1,0.00649047,0.00090028,0.00543827,True,0.50458536,0.99992596,2170
5,2,0.5,0.5,"[0, 8]",1.0,True,1,0.00639297,0.00089566,0.00535658,True,0.50706872,0.9998469,2170
5,3,0.375,0.375,"[5, 3]",0.625,False,0,1.0302429,0.26245272,0.86322652,True,0.68702455,0.88022094,2170
5,4,0.5,0.5,"[0, 8]",1.0,True,1,0.00615466,0.00088948,0.00515691,True,0.5055291,0.99990523,2170
5,5,0.5,0.5,"[4, 4]",0.5,False,0,1.07840671,0.26568971,0.90358232,True,0.59224016,0.95565195,2170
6,1,0.5,0.5,"[0, 8]",1.0,True,1,0.0068781,0.00089969,0.00576307,True,0.50419286,0.99991389,2170
6,2,0.5,0.5,"[0, 8]",1.0,True,1,0.00632294,0.00088485,0.0052979,True,0.50611067,0.99987962,2170
6,3,0.625,0.625,"[1, 7]",0.875,False,1,0.00644825,0.00089134,0.0054029,True,0.50671223,0.99983606,2170
6,4,0.5,0.5,"[0, 8]",1.0,True,1,0.00648838,0.00090057,0.00543652,True,0.50699308,0.99983568,2170
6,5,0.625,0.625,"[5, 3]",0.625,False,0,0.18092263,0.04701359,0.15159261,True,0.52407276,0.99742676,2170
7,1,0.625,0.625,"[7, 1]",0.875,False,0,1.37868502,0.29587278,1.15518144,True,0.72147907,0.81237053,2170
7,2,0.375,0.375,"[7, 1]",0.875,False,0,1.1107354,0.27590357,0.9306701,True,0.58647156,0.9653149,2170
7,3,0.625,0.625,"[1, 7]",0.875,False,1,0.94999613,0.23188383,0.79598885,True,0.64583742,0.88216815,2170
7,4,0.5,0.5,"[6, 2]",0.75,False,0,0.52032918,0.11810066,0.43597674,True,0.5318079,0.99516541,2170
7,5,0.5,0.5,"[0, 8]",1.0,True,1,0.00581832,0.00088635,0.0048751,True,0.50440028,0.99994121,2170
8,1,0.75,0.75,"[6, 2]",0.75,False,0,1.42123869,0.43477663,1.19083658,True,0.68683385,0.81299728,2170
8,2,0.875,0.875,"[5, 3]",0.625,False,0,0.92370178,0.25496698,0.77395716,True,0.64143403,0.92094571,2170
8,3,0.5,0.5,"[4, 4]",0.5,False,0,1.44107268,0.38107574,1.20745521,True,0.8437134,0.49443185,2170
8,4,1.0,1.0,"[4, 4]",0.5,False,0,0.7961573,0.20746569,0.66708938,True,0.58546911,0.97135578,2170
8,5,0.5,0.5,"[8, 0]",1.0,True,0,1.13655757,0.27240793,0.95230614,True,0.72884084,0.78727694,2170
9,1,0.5,0.5,"[0, 8]",1.0,True,1,0.0057092,0.00088401,0.00478366,True,0.50515704,0.99989907,2170
9,2,0.25,0.25,"[2, 6]",0.75,False,1,0.2962487,0.06963701,0.24822276,True,0.51335885,0.99931771,2170
9,3,0.25,0.25,"[4, 4]",0.5,False,0,0.35066718,0.06570215,0.29381926,True,0.51314703,0.99925056,2170
9,4,0.375,0.375,"[5, 3]",0.625,False,0,0.70022198,0.16773115,0.58670648,True,0.55731664,0.98777292,2170
9,5,0.5,0.5,"[0, 8]",1.0,True,1,0.00713532,0.00089659,0.00597858,True,0.50708503,0.99984073,2170
10,1,0.5,0.5,"[4, 4]",0.5,False,0,1.27071882,0.38467432,1.06471803,True,0.80146319,0.66781348,2170
10,2,0.5,0.5,"[0, 8]",1.0,True,1,0.0065958,0.00089465,0.00552653,True,0.50530906,0.99990765,2170
10,3,0.625,0.625,"[3, 5]",0.625,False,1,0.95332186,0.29917262,0.79877543,True,0.61561518,0.94647455,2170
10,4,0.625,0.625,"[5, 3]",0.625,False,0,0.78606045,0.23619265,0.65862936,True,0.55308682,0.98440799,2170
10,5,0.5,0.5,"[0, 8]",1.0,True,1,0.00658039,0.00089342,0.00551362,True,0.5063749,0.99985298,2170
11,1,0.125,0.125,"[3, 5]",0.625,False,1,0.27809255,0.06099397,0.23300997,True,0.51633711,0.99872442,2170
11,2,0.5,0.5,"[0, 8]",1.0,True,1,0.00643049,0.00089695,0.00538802,True,0.50628405,0.99986405,2170
11,3,0.125,0.125,"[5, 3]",0.625,False,0,0.56765554,0.1369508,0.47563086,True,0.55226765,0.98625372,2170
11,4,0.5,0.5,"[0, 8]",1.0,True,1,0.00609843,0.00089657,0.00510979,True,0.50775938,0.99981818,2170
11,5,0.625,0.625,"[1, 7]",0.875,False,1,0.05521523,0.01045343,0.04626409,True,0.50755092,0.9998011,2170
12,1,0.375,0.375,"[5, 3]",0.625,False,0,1.1721724,0.33392862,0.98214732,True,0.6272583,0.90993041,2170
12,2,0.5,0.5,"[0, 8]",1.0,True,1,0.00664489,0.0008905,0.00556766,True,0.50616064,0.99986821,2170
12,3,0.5,0.5,"[0, 8]",1.0,True,1,0.00649185,0.00090057,0.00543943,True,0.50571315,0.99989194,2170
12,4,0.5,0.5,"[0, 8]",1.0,True,1,0.00630607,0.00087987,0.00528377,True,0.50821306,0.99979291,2170
12,5,0.625,0.625,"[1, 7]",0.875,False,1,0.00743901,0.00090148,0.00623304,True,0.5069704,0.99983189,2170
13,1,0.625,0.625,"[1, 7]",0.875,False,1,0.00666293,0.00089812,0.00558278,True,0.50535156,0.99988803,2170
13,2,0.625,0.625,"[5, 3]",0.625,False,0,0.31485235,0.0546224,0.26381051,True,0.51816904,0.99859578,2170
13,3,0.75,0.75,"[4, 4]",0.5,False,0,1.18390909,0.30203989,0.99198133,True,0.76031123,0.76469975,2170
13,4,0.5,0.5,"[0, 8]",1.0,True,1,0.00590453,0.00089445,0.00494732,True,0.50720729,0.99980207,2170
13,5,0.625,0.625,"[7, 1]",0.875,False,0,0.40298936,0.06906703,0.3376593,True,0.51976904,0.99823831,2170
14,1,0.75,0.75,"[6, 2]",0.75,False,0,0.51148723,0.13207441,0.4285682,True,0.52456346,0.9973254,2170
14,2,0.375,0.375,"[3, 5]",0.625,False,1,1.41398539,0.40970689,1.18475914,True,0.74480513,0.7532949,2170
14,3,0.625,0.625,"[3, 5]",0.625,False,1,0.59827253,0.13086803,0.50128442,True,0.56120847,0.98391638,2170
14,4,0.625,0.625,"[5, 3]",0.625,False,0,0.98000177,0.27843304,0.82113016,True,0.65677033,0.89507355,2170
14,5,0.625,0.625,"[3, 5]",0.625,False,1,1.05471362,0.25015277,0.88373021,True,0.65405588,0.90992663,2170
15,1,0.375,0.375,"[1, 7]",0.875,False,1,1.24257831,0.31753181,1.04113947,True,0.84588293,0.51974016,2170
15,2,0.625,0.625,"[7, 1]",0.875,False,0,1.03398323,0.22134576,0.86636049,True,0.61420237,0.95216755,2170
15,3,0.5,0.5,"[8, 0]",1.0,True,0,0.95615252,0.23684887,0.8011472,True,0.57010634,0.96563868,2170
15,4,0.5,0.5,"[4, 4]",0.5,False,0,0.71703165,0.14854287,0.60079107,True,0.53215127,0.99571016,2170
15,5,0.375,0.375,"[3, 5]",0.625,False,1,0.10446859,0.01916791,0.08753282,True,0.50507214,0.99982831,2170
16,1,0.5,0.5,"[0, 8]",1.0,True,1,0.00616855,0.00090107,0.00516854,True,0.50515416,0.99988814,2170
16,2,0.5,0.5,"[0, 8]",1.0,True,1,0.00574181,0.00088754,0.00481099,True,0.50810921,0.99978304,2170
16,3,0.125,0.125,"[3, 5]",0.625,False,1,0.16831183,0.03802897,0.14102619,True,0.51478665,0.99873633,2170
16,4,0.5,0.5,"[0, 8]",1.0,True,1,0.00642632,0.00089692,0.00538453,True,0.50696441,0.99982819,2170
16,5,0.375,0.375,"[1, 7]",0.875,False,1,0.00728938,0.00089743,0.00610767,True,0.50665147,0.99985086,2170
17,1,0.5,0.5,"[0, 8]",1.0,True,1,0.00639192,0.0008914,0.0053557,True,0.50604929,0.99985816,2170
17,2,0.375,0.375,"[5, 3]",0.625,False,0,0.5147758,0.13664717,0.43132365,True,0.53554081,0.99497196,2170
17,3,0.75,0.75,"[6, 2]",0.75,False,0,0.958019,0.26903496,0.8027111,True,0.60302433,0.93736394,2170
17,4,0.375,0.375,"[5, 3]",0.625,False,0,0.78518973,0.17488702,0.6578998,True,0.55284905,0.97489086,2170
17,5,0.625,0.625,"[5, 3]",0.625,False,0,0.1768427,0.03289008,0.1481741,True,0.50871494,0.99957613,2170
18,1,0.75,0.75,"[6, 2]",0.75,False,0,1.20241766,0.28102578,1.00748941,True,0.73701037,0.77482041,2170
18,2,0.875,0.875,"[5, 3]",0.625,False,0,1.49622237,0.46124767,1.25366438,True,0.85678496,0.45406783,2170
18,3,0.75,0.75,"[4, 4]",0.5,False,0,1.23456119,0.33821949,1.03442204,True,0.74739982,0.74427147,2170
18,4,0.875,0.875,"[3, 5]",0.625,False,1,0.98321971,0.23654651,0.82382643,True,0.59285774,0.96305328,2170
18,5,0.75,0.75,"[4, 4]",0.5,False,0,1.47625671,0.39920205,1.23693543,True,0.88364848,0.38063143,2170
19,1,0.5,0.5,"[0, 8]",1.0,True,1,0.00631875,0.00089823,0.00529439,True,0.50533665,0.9999101,2170
19,2,0.25,0.25,"[6, 2]",0.75,False,0,1.36332051,0.39363277,1.14230772,True,0.78702371,0.7124654,2170
19,3,0.5,0.5,"[0, 8]",1.0,True,1,0.0058216,0.00089982,0.00487784,True,0.50648801,0.99984597,2170
19,4,0.5,0.5,"[0, 8]",1.0,True,1,0.00640078,0.00089546,0.00536312,True,0.50624863,0.99986189,2170
19,5,0.5,0.5,"[2, 6]",0.75,False,1,0.02163345,0.00347484,0.01812637,True,0.50500739,0.99989969,2170
20,1,0.5,0.5,"[0, 8]",1.0,True,1,0.00702461,0.00090025,0.00588583,True,0.50691735,0.99983865,2170
20,2,0.5,0.5,"[0, 8]",1.0,True,1,0.00638664,0.00088327,0.00535128,True,0.50655925,0.99984767,2170
20,3,0.5,0.5,"[0, 8]",1.0,True,1,0.00569251,0.0008802,0.00476968,True,0.50625448,0.99988111,2170
20,4,0.625,0.625,"[1, 7]",0.875,False,1,0.00650837,0.00090097,0.00545328,True,0.50588335,0.99987807,2170
20,5,0.5,0.5,"[0, 8]",1.0,True,1,0.00998321,0.00177642,0.0083648,True,0.50829641,0.99977337,2170
21,1,0.5,0.5,"[6, 2]",0.75,False,0,0.97649775,0.24802924,0.81819419,True,0.63870444,0.91398185,2170
21,2,0.75,0.75,"[2, 6]",0.75,False,1,0.10841187,0.01861297,0.09083683,True,0.5053493,0.99988865,2170
21,3,0.75,0.75,"[4, 4]",0.5,False,0,0.44744306,0.09679419,0.37490646,True,0.53749106,0.99276658,2170
21,4,0.5,0.5,"[6, 2]",0.75,False,0,0.82534779,0.23197626,0.6915477,True,0.5551501,0.98732264,2170
21,5,0.25,0.25,"[6, 2]",0.75,False,0,0.37347906,0.08163425,0.31293303,True,0.52702457,0.99709011,2170
22,1,0.625,0.625,"[7, 1]",0.875,False,0,1.1052806,0.30720532,0.92609959,True,0.78903736,0.70911275,2170
22,2,0.625,0.625,"[5, 3]",0.625,False,0,0.79001925,0.18099265,0.66194639,True,0.64593036,0.93236394,2170
22,3,0.75,0.75,"[2, 6]",0.75,False,1,0.9286448,0.24673562,0.77809885,True,0.62961825,0.90068505,2170
22,4,0.875,0.875,"[5, 3]",0.625,False,0,0.86238368,0.25487661,0.72257956,True,0.63861281,0.90703257,2170
22,5,0.75,0.75,"[2, 6]",0.75,False,1,1.049274,0.2666062,0.87917242,True,0.77521009,0.68847497,2170
23,1,0.375,0.375,"[1, 7]",0.875,False,1,0.00659978,0.00089263,0.00552987,True,0.50591785,0.99988073,2170
23,2,0.5,0.5,"[0, 8]",1.0,True,1,0.00704575,0.00089758,0.00590354,True,0.50565736,0.99989798,2170
23,3,0.375,0.375,"[3, 5]",0.625,False,1,0.26527072,0.05769036,0.22226673,True,0.50839006,0.99972433,2170
23,4,0.5,0.5,"[0, 8]",1.0,True,1,0.00636158,0.00089229,0.00533028,True,0.50741337,0.99983263,2170
23,5,0.5,0.5,"[0, 8]",1.0,True,1,0.00617351,0.00089914,0.0051727,True,0.50744104,0.99982716,2170
24,1,0.25,0.25,"[6, 2]",0.75,False,0,1.39811392,0.46238936,1.17146065,True,0.78244109,0.65130666,2170
24,2,0.5,0.5,"[0, 8]",1.0,True,1,0.00601463,0.00089252,0.00503958,True,0.50681717,0.99984349,2170
24,3,0.5,0.5,"[0, 8]",1.0,True,1,0.00648153,0.00089151,0.00543078,True,0.50475467,0.99989285,2170
24,4,0.5,0.5,"[0, 8]",1.0,True,1,0.00630865,0.00090099,0.00528593,True,0.50770767,0.99981121,2170
24,5,0.5,0.5,"[2, 6]",0.75,False,1,0.00607543,0.00087577,0.00509052,True,0.50584655,0.9998697,2170
25,1,0.625,0.625,"[5, 3]",0.625,False,0,0.89457714,0.25859222,0.74955402,True,0.60771618,0.95702301,2170
25,2,0.625,0.625,"[5, 3]",0.625,False,0,1.26664117,0.3506513,1.06130142,True,0.73028839,0.77500079,2170
25,3,0.375,0.375,"[7, 1]",0.875,False,0,1.20509189,0.31622684,1.00973012,True,0.63332679,0.89880054,2170
25,4,0.375,0.375,"[3, 5]",0.625,False,1,0.22089687,0.05069889,0.18508649,True,0.52111478,0.99831329,2170
25,5,0.5,0.5,"[0, 8]",1.0,True,1,0.00627405,0.00089969,0.00525694,True,0.5054421,0.99989668,2170
26,1,0.5,0.5,"[4, 4]",0.5,False,0,0.2269683,0.04921152,0.19017365,True,0.52218458,0.99785568,2170
26,2,0.5,0.5,"[0, 8]",1.0,True,1,0.00509203,0.00090009,0.00426654,True,0.50652932,0.99984673,2170
26,3,0.5,0.5,"[0, 8]",1.0,True,1,0.00623529,0.00089303,0.00522447,True,0.50528827,0.99990641,2170
26,4,0.375,0.375,"[1, 7]",0.875,False,1,0.00653747,0.00089807,0.00547766,True,0.50586618,0.99987925,2170
26,5,0.5,0.5,"[0, 8]",1.0,True,1,0.00591008,0.00089149,0.00495198,True,0.50679515,0.99985475,2170
27,1,0.625,0.625,"[5, 3]",0.625,False,0,0.64598552,0.15378132,0.54126248,True,0.57315448,0.981278,2170
27,2,0.625,0.625,"[5, 3]",0.625,False,0,0.8779187,0.30681032,0.73559615,True,0.63185018,0.92387872,2170
27,3,0.5,0.5,"[0, 8]",1.0,True,1,0.00630028,0.00088727,0.00527892,True,0.50488619,0.99991006,2170
27,4,0.5,0.5,"[4, 4]",0.5,False,0,0.76538175,0.23932969,0.64130296,True,0.61432233,0.94185652,2170
27,5,0.5,0.5,"[0, 8]",1.0,True,1,0.00550554,0.00089656,0.00461301,True,0.50552367,0.99990464,2170
28,1,0.875,0.875,"[3, 5]",0.625,False,1,0.55733275,0.10942941,0.46698154,True,0.54241011,0.99024882,2170
28,2,0.375,0.375,"[5, 3]",0.625,False,0,1.2384179,0.30561534,1.03765352,True,0.6598775,0.89292163,2170
28,3,0.5,0.5,"[0, 8]",1.0,True,1,0.00643218,0.0008983,0.00538943,True,0.50690227,0.99983538,2170
28,4,0.5,0.5,"[0, 8]",1.0,True,1,0.00532908,0.00086664,0.00446516,True,0.50681449,0.99983893,2170
28,5,0.625,0.625,"[1, 7]",0.875,False,1,0.00669172,0.0008992,0.0056069,True,0.50632172,0.99985099,2170
29,1,0.5,0.5,"[0, 8]",1.0,True,1,0.0068867,0.00089958,0.00577027,True,0.50627159,0.99987414,2170
29,2,0.625,0.625,"[5, 3]",0.625,False,0,1.28479041,0.3436593,1.07650842,True,0.689908,0.80139001,2170
29,3,0.75,0.75,"[4, 4]",0.5,False,0,0.62684803,0.12900373,0.52522744,True,0.53192172,0.99203357,2170
29,4,0.5,0.5,"[6, 2]",0.75,False,0,0.87068436,0.25052638,0.72953459,True,0.55901218,0.98758182,2170
29,5,0.5,0.5,"[2, 6]",0.75,False,1,0.14682794,0.03109638,0.12302514,True,0.51102449,0.9995411,2170
30,1,0.625,0.625,"[3, 5]",0.625,False,1,0.88769481,0.22221157,0.74378742,True,0.58305703,0.97215292,2170
30,2,0.625,0.625,"[1, 7]",0.875,False,1,0.24035389,0.04774519,0.20138926,True,0.52431261,0.99797929,2170
30,3,0.625,0.625,"[5, 3]",0.625,False,0,0.97792567,0.220656,0.81939063,True,0.63269766,0.91548472,2170
30,4,0.875,0.875,"[5, 3]",0.625,False,0,0.95282514,0.2830989,0.79835923,True,0.61969464,0.93176132,2170
30,5,0.625,0.625,"[3, 5]",0.625,False,1,0.74182134,0.19382143,0.62156201,True,0.6158001,0.93574246,2170
31,1,0.75,0.75,"[4, 4]",0.5,False,0,0.27739761,0.05806442,0.23242768,True,0.51999118,0.99830287,2170
31,2,0.875,0.875,"[3, 5]",0.625,False,1,0.17165156,0.03867521,0.14382451,True,0.51507411,0.9991462,2170
31,3,0.25,0.25,"[4, 4]",0.5,False,0,0.94993508,0.24539822,0.79593769,True,0.64046248,0.92806556,2170
31,4,0.875,0.875,"[3, 5]",0.625,False,1,0.89738592,0.2397448,0.75190746,True,0.66792308,0.90516423,2170
31,5,0.5,0.5,"[4, 4]",0.5,False,0,0.67013806,0.16209839,0.56149957,True,0.60511001,0.9555719,2170
32,1,0.75,0.75,"[4, 4]",0.5,False,0,0.1313861,0.02548815,0.11008662,True,0.50419219,0.99993575,2170
32,2,0.75,0.75,"[6, 2]",0.75,False,0,0.34562064,0.0847369,0.28959083,True,0.53148435,0.99636506,2170
32,3,0.375,0.375,"[1, 7]",0.875,False,1,0.00658942,0.00090073,0.00552118,True,0.5041944,0.99993755,2170
32,4,0.5,0.5,"[0, 8]",1.0,True,1,0.00655582,0.00090101,0.00549303,True,0.50530914,0.99990872,2170
32,5,0.625,0.625,"[3, 5]",0.625,False,1,0.22550976,0.05659963,0.18895156,True,0.51193324,0.99928194,2170
33,1,0.25,0.25,"[4, 4]",0.5,False,0,1.2423453,0.38751225,1.04094424,True,0.75468566,0.70481823,2170
33,2,0.5,0.5,"[0, 8]",1.0,True,1,0.00666343,0.00090098,0.0055832,True,0.50605318,0.99987517,2170
33,3,0.5,0.5,"[0, 8]",1.0,True,1,0.00628221,0.00089596,0.00526378,True,0.50620671,0.99987864,2170
33,4,0.5,0.5,"[0, 8]",1.0,True,1,0.00594792,0.00089563,0.00498368,True,0.50514245,0.99991063,2170
33,5,0.625,0.625,"[1, 7]",0.875,False,1,0.05330192,0.00877308,0.04466096,True,0.50447275,0.99987292,2170
34,1,0.5,0.5,"[6, 2]",0.75,False,0,0.4184636,0.09223898,0.35062496,True,0.52750677,0.99545788,2170
34,2,0.75,0.75,"[6, 2]",0.75,False,0,0.62751394,0.13171593,0.5257854,True,0.56160179,0.9849579,2170
34,3,0.625,0.625,"[3, 5]",0.625,False,1,0.9549669,0.22244692,0.80015378,True,0.59236543,0.94347751,2170
34,4,0.75,0.75,"[6, 2]",0.75,False,0,0.86776587,0.22578054,0.72708922,True,0.62672936,0.93458964,2170
34,5,0.75,0.75,"[2, 6]",0.75,False,1,1.06556723,0.2587336,0.89282429,True,0.69229703,0.87400152,2170
35,1,0.375,0.375,"[5, 3]",0.625,False,0,0.60266873,0.16508939,0.50496794,True,0.57154702,0.97709976,2170
35,2,0.625,0.625,"[5, 3]",0.625,False,0,0.88071547,0.20313668,0.73793952,True,0.5676296,0.97328008,2170
35,3,0.5,0.5,"[0, 8]",1.0,True,1,0.00616496,0.00089337,0.00516554,True,0.5058634,0.99988199,2170
35,4,0.125,0.125,"[3, 5]",0.625,False,1,0.9151315,0.25144731,0.76677624,True,0.64638005,0.89061828,2170
35,5,0.5,0.5,"[4, 4]",0.5,False,0,0.74675012,0.19106882,0.62569177,True,0.56180321,0.98431931,2170
36,1,0.5,0.5,"[0, 8]",1.0,True,1,0.00651526,0.00090136,0.00545905,True,0.50598809,0.9998922,2170
36,2,0.5,0.5,"[0, 8]",1.0,True,1,0.00618863,0.00089879,0.00518537,True,0.50631216,0.9998678,2170
36,3,0.5,0.5,"[0, 8]",1.0,True,1,0.00718128,0.00090143,0.0060171,True,0.50596312,0.99986725,2170
36,4,0.5,0.5,"[0, 8]",1.0,True,1,0.00653734,0.00090144,0.00547755,True,0.50556181,0.9998965,2170
36,5,0.5,0.5,"[0, 8]",1.0,True,1,0.00658618,0.00089875,0.00551847,True,0.50707456,0.99983395,2170
37,1,0.5,0.5,"[2, 6]",0.75,False,1,0.25398501,0.05331793,0.21281059,True,0.5374637,0.99432975,2170
37,2,0.375,0.375,"[3, 5]",0.625,False,1,0.56363122,0.13533343,0.47225894,True,0.57977374,0.96933089,2170
37,3,0.75,0.75,"[6, 2]",0.75,False,0,0.60990682,0.16877448,0.51103263,True,0.6123705,0.9442853,2170
37,4,0.5,0.5,"[4, 4]",0.5,False,0,1.19352965,0.27654371,1.00004227,True,0.69604752,0.81057791,2170
37,5,0.5,0.5,"[2, 6]",0.75,False,1,0.65798262,0.19914149,0.55131469,True,0.56502544,0.98140268,2170
38,1,0.5,0.5,"[6, 2]",0.75,False,0,0.74478157,0.17769784,0.62404235,True,0.69704666,0.86649598,2170
38,2,0.625,0.625,"[5, 3]",0.625,False,0,1.19812415,0.34652983,1.00389194,True,0.74520426,0.77017527,2170
38,3,0.75,0.75,"[4, 4]",0.5,False,0,1.43042397,0.3145362,1.1985328,True,0.88881838,0.42950235,2170
38,4,0.875,0.875,"[3, 5]",0.625,False,1,0.81280472,0.20504913,0.68103802,True,0.71276015,0.85730765,2170
38,5,0.875,0.875,"[5, 3]",0.625,False,0,1.14807699,0.25894561,0.9619581,True,0.73238491,0.79420687,2170
39,1,0.375,0.375,"[3, 5]",0.625,False,1,0.55817962,0.13754645,0.46769111,True,0.55874566,0.98757184,2170
39,2,0.25,0.25,"[4, 4]",0.5,False,0,0.10782931,0.02353222,0.09034871,True,0.51992506,0.9983815,2170
39,3,0.5,0.5,"[0, 8]",1.0,True,1,0.00615968,0.00089791,0.00516111,True,0.50703081,0.99982802,2170
39,4,0.5,0.5,"[0, 8]",1.0,True,1,0.00580476,0.00090125,0.00486373,True,0.50644827,0.99985688,2170
39,5,0.5,0.5,"[0, 8]",1.0,True,1,0.00707016,0.00089969,0.00592399,True,0.50654306,0.99985243,2170
40,1,0.75,0.75,"[4, 4]",0.5,False,0,0.260571,0.06686459,0.2183289,True,0.55194182,0.99007013,2170
40,2,0.75,0.75,"[4, 4]",0.5,False,0,0.79180845,0.25431033,0.66344554,True,0.69274549,0.85816107,2170
40,3,0.875,0.875,"[3, 5]",0.625,False,1,0.29703349,0.07752106,0.24888032,True,0.54197184,0.9911393,2170
40,4,0.5,0.5,"[4, 4]",0.5,False,0,0.96869798,0.26235429,0.81165887,True,0.71397724,0.75880373,2170
40,5,0.375,0.375,"[1, 7]",0.875,False,1,0.10666698,0.01676902,0.08937481,True,0.51054353,0.99964395,2170
41,1,0.625,0.625,"[1, 7]",0.875,False,1,1.26417459,0.43934695,1.0592347,True,0.67695726,0.85604642,2170
41,2,0.5,0.5,"[0, 8]",1.0,True,1,0.00639036,0.00090022,0.00535439,True,0.50700162,0.99982233,2170
41,3,0.375,0.375,"[7, 1]",0.875,False,0,1.28988022,0.5126409,1.0807731,True,0.80105207,0.65379162,2170
41,4,0.625,0.625,"[5, 3]",0.625,False,0,0.76482593,0.16933389,0.64083725,True,0.58374552,0.97552684,2170
41,5,0.5,0.5,"[4, 4]",0.5,False,0,1.07509739,0.27508909,0.90080949,True,0.62371608,0.93592603,2170
42,1,0.625,0.625,"[5, 3]",0.625,False,0,1.50240862,0.46219525,1.25884776,True,0.77088103,0.66778325,2170
42,2,0.875,0.875,"[3, 5]",0.625,False,1,1.2626144,0.3952926,1.05792744,True,0.74020402,0.71152987,2170
42,3,0.5,0.5,"[0, 8]",1.0,True,1,0.00646324,0.00089172,0.00541546,True,0.50620056,0.9998668,2170
42,4,0.75,0.75,"[2, 6]",0.75,False,1,1.26479446,0.31997642,1.05975408,True,0.76810287,0.67994593,2170
42,5,0.75,0.75,"[2, 6]",0.75,False,1,1.17113122,0.39676422,0.98127493,True,0.77070426,0.64295448,2170
43,1,0.375,0.375,"[1, 7]",0.875,False,1,0.00638592,0.00089742,0.00535067,True,0.50614326,0.99984388,2170
43,2,0.5,0.5,"[0, 8]",1.0,True,1,0.00706156,0.00089921,0.00591679,True,0.50808572,0.99976543,2170
43,3,0.5,0.5,"[0, 8]",1.0,True,1,0.00668485,0.00090039,0.00560114,True,0.5060343,0.99989084,2170
43,4,0.5,0.5,"[0, 8]",1.0,True,1,0.01082182,0.0017435,0.00906745,True,0.50462622,0.99991664,2170
43,5,0.625,0.625,"[1, 7]",0.875,False,1,0.00675935,0.00089453,0.00566356,True,0.50579443,0.99987404,2170
44,1,0.5,0.5,"[4, 4]",0.5,False,0,1.37764753,0.39741988,1.15431213,True,0.76465607,0.73516414,2170
44,2,0.625,0.625,"[3, 5]",0.625,False,1,1.54031478,0.43664865,1.29060881,True,0.7387722,0.73722059,2170
44,3,0.75,0.75,"[4, 4]",0.5,False,0,1.20254693,0.34999649,1.00759772,True,0.65980877,0.81121981,2170
44,4,0.625,0.625,"[5, 3]",0.625,False,0,0.93074558,0.23118304,0.77985907,True,0.64942004,0.9043942,2170
44,5,0.625,0.625,"[5, 3]",0.625,False,0,1.29137004,0.35334076,1.0820214,True,0.67302899,0.89397609,2170
45,1,0.375,0.375,"[3, 5]",0.625,False,1,0.12494257,0.02142257,0.10468768,True,0.50456985,0.99992039,2170
45,2,0.625,0.625,"[3, 5]",0.625,False,1,0.59105686,0.12774412,0.49523851,True,0.53934441,0.99485171,2170
45,3,0.5,0.5,"[4, 4]",0.5,False,0,0.46005066,0.09765304,0.38547019,True,0.52206936,0.99778153,2170
45,4,0.625,0.625,"[1, 7]",0.875,False,1,0.94883095,0.20855163,0.79501256,True,0.57939639,0.96947988,2170
45,5,0.625,0.625,"[5, 3]",0.625,False,0,0.79343133,0.18963425,0.66480533,True,0.56065973,0.98119038,2170
46,1,0.5,0.5,"[0, 8]",1.0,True,1,0.00652951,0.00089831,0.00547099,True,0.5069271,0.99984928,2170
46,2,0.5,0.5,"[0, 8]",1.0,True,1,0.00637436,0.00090092,0.00534099,True,0.50728406,0.99982801,2170
46,3,0.5,0.5,"[2, 6]",0.75,False,1,0.88633087,0.22421143,0.74264459,True,0.55831643,0.98714485,2170
46,4,0.5,0.5,"[0, 8]",1.0,True,1,0.00642597,0.00090148,0.00538423,True,0.50502661,0.99992104,2170
46,5,0.5,0.5,"[0, 8]",1.0,True,1,0.00639257,0.00089717,0.00535624,True,0.5067007,0.99985743,2170
47,1,0.375,0.375,"[5, 3]",0.625,False,0,0.69076598,0.15242756,0.57878342,True,0.54079382,0.99130883,2170
47,2,0.5,0.5,"[0, 8]",1.0,True,1,0.00604318,0.00089039,0.0050635,True,0.50789596,0.99979456,2170
47,3,0.75,0.75,"[6, 2]",0.75,False,0,0.52135459,0.13021339,0.43683592,True,0.52191299,0.99814616,2170
47,4,0.125,0.125,"[3, 5]",0.625,False,1,0.73242693,0.17416996,0.61369057,True,0.59560595,0.96075841,2170
47,5,0.5,0.5,"[0, 8]",1.0,True,1,0.00696856,0.00090069,0.00583886,True,0.50609025,0.99988162,2170
48,1,0.5,0.5,"[0, 8]",1.0,True,1,0.00675481,0.00090101,0.00565976,True,0.50622855,0.99988405,2170
48,2,0.5,0.5,"[6, 2]",0.75,False,0,0.59206656,0.16231112,0.49608452,True,0.54699007,0.98853654,2170
48,3,0.5,0.5,"[0, 8]",1.0,True,1,0.0062616,0.00090077,0.00524651,True,0.50663439,0.99985694,2170
48,4,0.5,0.5,"[0, 8]",1.0,True,1,0.00623877,0.00089897,0.00522738,True,0.50669387,0.99985702,2170
48,5,0.5,0.5,"[0, 8]",1.0,True,1,0.0061255,0.00089912,0.00513247,True,0.5067463,0.99985684,2170
49,1,0.5,0.5,"[0, 8]",1.0,True,1,0.00665704,0.00089891,0.00557784,True,0.50751005,0.9998269,2170
49,2,0.5,0.5,"[0, 8]",1.0,True,1,0.00626885,0.00089625,0.00525259,True,0.50656292,0.99985499,2170
49,3,0.5,0.5,"[0, 8]",1.0,True,1,0.00616114,0.00089432,0.00516233,True,0.50480943,0.99991467,2170
49,4,0.5,0.5,"[0, 8]",1.0,True,1,0.00654043,0.00089794,0.00548013,True,0.50534419,0.9999031,2170
49,5,0.625,0.625,"[1, 7]",0.875,False,1,0.00659389,0.00090034,0.00552493,True,0.50632842,0.99986455,2170
50,1,0.625,0.625,"[3, 5]",0.625,False,1,0.88782798,0.27788413,0.74389899,True,0.62784085,0.90939593,2170
50,2,0.5,0.5,"[2, 6]",0.75,False,1,0.12401921,0.02199825,0.10391401,True,0.51214801,0.99936108,2170
50,3,0.5,0.5,"[0, 8]",1.0,True,1,0.00662103,0.00089826,0.00554767,True,0.50606043,0.99985649,2170
50,4,0.25,0.25,"[2, 6]",0.75,False,1,1.08675355,0.30226305,0.91057602,True,0.6200788,0.94884183,2170
50,5,0.625,0.625,"[3, 5]",0.625,False,1,0.40081911,0.09540142,0.33584089,True,0.52305127,0.99741824,2170
