method_name,model_name,pretrained_mode,strategy,subject_id,fold_id,accuracy,accuracy_percent,balanced_accuracy,balanced_accuracy_percent,best_epoch,stopped_epoch,final_phase_epochs_ran,n_train,n_test,train_class_counts,test_class_counts,prediction_histogram,confusion_matrix,collapse_ratio,collapse_flag,mean_confidence,mean_normalized_prediction_entropy
SignalJEPA_PreLocal__from_pretrained__new,SignalJEPA_PreLocal,from_pretrained,new,1,1,0.5,50.0,0.5,50.0,6,56,56,32,8,"[16, 16]","[4, 4]","[0, 8]","[[0, 4], [0, 4]]",1.0,True,0.50922873,0.99971717
SignalJEPA_PreLocal__from_pretrained__new,SignalJEPA_PreLocal,from_pretrained,new,1,2,0.5,50.0,0.5,50.0,9,56,56,32,8,"[16, 16]","[4, 4]","[0, 8]","[[0, 4], [0, 4]]",1.0,True,0.50848955,0.99977459
SignalJEPA_PreLocal__from_pretrained__new,SignalJEPA_PreLocal,from_pretrained,new,1,3,0.5,50.0,0.5,50.0,6,56,56,32,8,"[16, 16]","[4, 4]","[0, 8]","[[0, 4], [0, 4]]",1.0,True,0.50784893,0.99979395
SignalJEPA_PreLocal__from_pretrained__new,SignalJEPA_PreLocal,from_pretrained,new,1,4,0.5,50.0,0.5,50.0,483,533,533,32,8,"[16, 16]","[4, 4]","[4, 4]","[[2, 2], [2, 2]]",0.5,False,0.57299727,0.97592104
SignalJEPA_PreLocal__from_pretrained__new,SignalJEPA_PreLocal,from_pretrained,new,1,5,0.5,50.0,0.5,50.0,1,51,51,32,8,"[16, 16]","[4, 4]","[0, 8]","[[0, 4], [0, 4]]",1.0,True,0.50602166,0.99988618
SignalJEPA_PreLocal__from_pretrained__new,SignalJEPA_PreLocal,from_pretrained,new,2,1,0.5,50.0,0.5,50.0,23,73,73,32,8,"[16, 16]","[4, 4]","[0, 8]","[[0, 4], [0, 4]]",1.0,True,0.50660484,0.99986132
SignalJEPA_PreLocal__from_pretrained__new,SignalJEPA_PreLocal,from_pretrained,new,2,2,0.5,50.0,0.5,50.0,6,54,54,32,8,"[16, 16]","[4, 4]","[0, 8]","[[0, 4], [0, 4]]",1.0,True,0.50823363,0.99978049
SignalJEPA_PreLocal__from_pretrained__new,SignalJEPA_PreLocal,from_pretrained,new,2,3,0.5,50.0,0.5,50.0,6,54,54,32,8,"[16, 16]","[4, 4]","[0, 8]","[[0, 4], [0, 4]]",1.0,True,0.50636537,0.99987524
SignalJEPA_PreLocal__from_pretrained__new,SignalJEPA_PreLocal,from_pretrained,new,2,4,0.5,50.0,0.5,50.0,281,330,330,32,8,"[16, 16]","[4, 4]","[6, 2]","[[3, 1], [3, 1]]",0.75,False,0.54166572,0.99370906
SignalJEPA_PreLocal__from_pretrained__new,SignalJEPA_PreLocal,from_pretrained,new,2,5,0.5,50.0,0.5,50.0,70,120,120,32,8,"[16, 16]","[4, 4]","[4, 4]","[[2, 2], [2, 2]]",0.5,False,0.50914381,0.99962736
SignalJEPA_PreLocal__from_pretrained__new,SignalJEPA_PreLocal,from_pretrained,new,3,1,0.5,50.0,0.5,50.0,1,51,51,32,8,"[16, 16]","[4, 4]","[0, 8]","[[0, 4], [0, 4]]",1.0,True,0.50617325,0.99987741
SignalJEPA_PreLocal__from_pretrained__new,SignalJEPA_PreLocal,from_pretrained,new,3,2,0.25,25.0,0.25,25.0,472,522,522,32,8,"[16, 16]","[4, 4]","[4, 4]","[[1, 3], [3, 1]]",0.5,False,0.56585342,0.98131713
SignalJEPA_PreLocal__from_pretrained__new,SignalJEPA_PreLocal,from_pretrained,new,3,3,0.125,12.5,0.125,12.5,457,507,507,32,8,"[16, 16]","[4, 4]","[5, 3]","[[1, 3], [4, 0]]",0.625,False,0.58778287,0.97475478
SignalJEPA_PreLocal__from_pretrained__new,SignalJEPA_PreLocal,from_pretrained,new,3,4,0.5,50.0,0.5,50.0,6,54,54,32,8,"[16, 16]","[4, 4]","[0, 8]","[[0, 4], [0, 4]]",1.0,True,0.50852663,0.99977474
SignalJEPA_PreLocal__from_pretrained__new,SignalJEPA_PreLocal,from_pretrained,new,3,5,0.5,50.0,0.5,50.0,399,444,444,32,8,"[16, 16]","[4, 4]","[2, 6]","[[1, 3], [1, 3]]",0.75,False,0.55740317,0.98742674
SignalJEPA_PreLocal__from_pretrained__new,SignalJEPA_PreLocal,from_pretrained,new,4,1,0.5,50.0,0.5,50.0,68,117,117,32,8,"[16, 16]","[4, 4]","[0, 8]","[[0, 4], [0, 4]]",1.0,True,0.5087716,0.9997013
SignalJEPA_PreLocal__from_pretrained__new,SignalJEPA_PreLocal,from_pretrained,new,4,2,0.625,62.5,0.625,62.5,272,321,321,32,8,"[16, 16]","[4, 4]","[5, 3]","[[3, 1], [2, 2]]",0.625,False,0.53110579,0.99603721
SignalJEPA_PreLocal__from_pretrained__new,SignalJEPA_PreLocal,from_pretrained,new,4,3,0.5,50.0,0.5,50.0,11,58,58,32,8,"[16, 16]","[4, 4]","[0, 8]","[[0, 4], [0, 4]]",1.0,True,0.50642479,0.99986283
SignalJEPA_PreLocal__from_pretrained__new,SignalJEPA_PreLocal,from_pretrained,new,4,4,0.625,62.5,0.625,62.5,6,54,54,32,8,"[16, 16]","[4, 4]","[1, 7]","[[1, 3], [0, 4]]",0.875,False,0.50558163,0.99988171
SignalJEPA_PreLocal__from_pretrained__new,SignalJEPA_PreLocal,from_pretrained,new,4,5,0.5,50.0,0.5,50.0,2,51,51,32,8,"[16, 16]","[4, 4]","[0, 8]","[[0, 4], [0, 4]]",1.0,True,0.50591926,0.99987807
SignalJEPA_PreLocal__from_pretrained__new,SignalJEPA_PreLocal,from_pretrained,new,5,1,0.5,50.0,0.5,50.0,101,151,151,32,8,"[16, 16]","[4, 4]","[8, 0]","[[4, 0], [4, 0]]",1.0,True,0.5140583,0.99898855
SignalJEPA_PreLocal__from_pretrained__new,SignalJEPA_PreLocal,from_pretrained,new,5,2,0.625,62.5,0.625,62.5,486,536,536,32,8,"[16, 16]","[4, 4]","[5, 3]","[[3, 1], [2, 2]]",0.625,False,0.53986298,0.99309909
SignalJEPA_PreLocal__from_pretrained__new,SignalJEPA_PreLocal,from_pretrained,new,5,3,0.5,50.0,0.5,50.0,8,53,53,32,8,"[16, 16]","[4, 4]","[0, 8]","[[0, 4], [0, 4]]",1.0,True,0.50786097,0.99977798
SignalJEPA_PreLocal__from_pretrained__new,SignalJEPA_PreLocal,from_pretrained,new,5,4,0.625,62.5,0.625,62.5,503,551,551,32,8,"[16, 16]","[4, 4]","[3, 5]","[[2, 2], [1, 3]]",0.625,False,0.56025773,0.98684101
SignalJEPA_PreLocal__from_pretrained__new,SignalJEPA_PreLocal,from_pretrained,new,5,5,0.375,37.5,0.375,37.5,135,180,180,32,8,"[16, 16]","[4, 4]","[5, 3]","[[2, 2], [3, 1]]",0.625,False,0.51081082,0.99950278
SignalJEPA_PreLocal__from_pretrained__new,SignalJEPA_PreLocal,from_pretrained,new,6,1,0.5,50.0,0.5,50.0,1,51,51,32,8,"[16, 16]","[4, 4]","[0, 8]","[[0, 4], [0, 4]]",1.0,True,0.50647847,0.99985908
SignalJEPA_PreLocal__from_pretrained__new,SignalJEPA_PreLocal,from_pretrained,new,6,2,0.5,50.0,0.5,50.0,1,51,51,32,8,"[16, 16]","[4, 4]","[0, 8]","[[0, 4], [0, 4]]",1.0,True,0.50616384,0.99987334
SignalJEPA_PreLocal__from_pretrained__new,SignalJEPA_PreLocal,from_pretrained,new,6,3,0.5,50.0,0.5,50.0,1,51,51,32,8,"[16, 16]","[4, 4]","[0, 8]","[[0, 4], [0, 4]]",1.0,True,0.50549278,0.99990711
SignalJEPA_PreLocal__from_pretrained__new,SignalJEPA_PreLocal,from_pretrained,new,6,4,0.5,50.0,0.5,50.0,1,51,51,32,8,"[16, 16]","[4, 4]","[0, 8]","[[0, 4], [0, 4]]",1.0,True,0.5060732,0.99989008
SignalJEPA_PreLocal__from_pretrained__new,SignalJEPA_PreLocal,from_pretrained,new,6,5,0.5,50.0,0.5,50.0,1,51,51,32,8,"[16, 16]","[4, 4]","[0, 8]","[[0, 4], [0, 4]]",1.0,True,0.50723561,0.99980987
SignalJEPA_PreLocal__from_pretrained__new,SignalJEPA_PreLocal,from_pretrained,new,7,1,0.5,50.0,0.5,50.0,4,51,51,32,8,"[16, 16]","[4, 4]","[0, 8]","[[0, 4], [0, 4]]",1.0,True,0.50692539,0.99983797
SignalJEPA_PreLocal__from_pretrained__new,SignalJEPA_PreLocal,from_pretrained,new,7,2,0.875,87.5,0.875,87.5,547,597,597,32,8,"[16, 16]","[4, 4]","[3, 5]","[[3, 1], [0, 4]]",0.625,False,0.61046262,0.94395913
SignalJEPA_PreLocal__from_pretrained__new,SignalJEPA_PreLocal,from_pretrained,new,7,3,0.625,62.5,0.625,62.5,446,496,496,32,8,"[16, 16]","[4, 4]","[7, 1]","[[4, 0], [3, 1]]",0.875,False,0.55039454,0.9898045
SignalJEPA_PreLocal__from_pretrained__new,SignalJEPA_PreLocal,from_pretrained,new,7,4,0.5,50.0,0.5,50.0,2,51,51,32,8,"[16, 16]","[4, 4]","[0, 8]","[[0, 4], [0, 4]]",1.0,True,0.50772547,0.99981139
SignalJEPA_PreLocal__from_pretrained__new,SignalJEPA_PreLocal,from_pretrained,new,7,5,0.5,50.0,0.5,50.0,6,54,54,32,8,"[16, 16]","[4, 4]","[0, 8]","[[0, 4], [0, 4]]",1.0,True,0.50687426,0.99985098
SignalJEPA_PreLocal__from_pretrained__new,SignalJEPA_PreLocal,from_pretrained,new,8,1,0.5,50.0,0.5,50.0,2,51,51,32,8,"[16, 16]","[4, 4]","[0, 8]","[[0, 4], [0, 4]]",1.0,True,0.50787828,0.99980287
SignalJEPA_PreLocal__from_pretrained__new,SignalJEPA_PreLocal,from_pretrained,new,8,2,0.5,50.0,0.5,50.0,73,122,122,32,8,"[16, 16]","[4, 4]","[2, 6]","[[1, 3], [1, 3]]",0.75,False,0.51052285,0.99956415
SignalJEPA_PreLocal__from_pretrained__new,SignalJEPA_PreLocal,from_pretrained,new,8,3,0.5,50.0,0.5,50.0,1,51,51,32,8,"[16, 16]","[4, 4]","[0, 8]","[[0, 4], [0, 4]]",1.0,True,0.50693941,0.999841
SignalJEPA_PreLocal__from_pretrained__new,SignalJEPA_PreLocal,from_pretrained,new,8,4,0.5,50.0,0.5,50.0,4,51,51,32,8,"[16, 16]","[4, 4]","[0, 8]","[[0, 4], [0, 4]]",1.0,True,0.50681422,0.99984323
SignalJEPA_PreLocal__from_pretrained__new,SignalJEPA_PreLocal,from_pretrained,new,8,5,0.5,50.0,0.5,50.0,1,51,51,32,8,"[16, 16]","[4, 4]","[0, 8]","[[0, 4], [0, 4]]",1.0,True,0.50672796,0.99986369
SignalJEPA_PreLocal__from_pretrained__new,SignalJEPA_PreLocal,from_pretrained,new,9,1,0.75,75.0,0.75,75.0,722,771,771,32,8,"[16, 16]","[4, 4]","[6, 2]","[[4, 0], [2, 2]]",0.75,False,0.5613094,0.9802491
SignalJEPA_PreLocal__from_pretrained__new,SignalJEPA_PreLocal,from_pretrained,new,9,2,0.5,50.0,0.5,50.0,1,51,51,32,8,"[16, 16]","[4, 4]","[0, 8]","[[0, 4], [0, 4]]",1.0,True,0.50630803,0.99987467
SignalJEPA_PreLocal__from_pretrained__new,SignalJEPA_PreLocal,from_pretrained,new,9,3,0.375,37.5,0.375,37.5,63,108,108,32,8,"[16, 16]","[4, 4]","[1, 7]","[[0, 4], [1, 3]]",0.875,False,0.50477725,0.99988961
SignalJEPA_PreLocal__from_pretrained__new,SignalJEPA_PreLocal,from_pretrained,new,9,4,0.5,50.0,0.5,50.0,1,51,51,32,8,"[16, 16]","[4, 4]","[0, 8]","[[0, 4], [0, 4]]",1.0,True,0.50664505,0.99984474
SignalJEPA_PreLocal__from_pretrained__new,SignalJEPA_PreLocal,from_pretrained,new,9,5,0.75,75.0,0.75,75.0,870,920,920,32,8,"[16, 16]","[4, 4]","[6, 2]","[[4, 0], [2, 2]]",0.75,False,0.60015301,0.95411315
SignalJEPA_PreLocal__from_pretrained__new,SignalJEPA_PreLocal,from_pretrained,new,10,1,0.5,50.0,0.5,50.0,1,51,51,32,8,"[16, 16]","[4, 4]","[0, 8]","[[0, 4], [0, 4]]",1.0,True,0.50535686,0.99990287
SignalJEPA_PreLocal__from_pretrained__new,SignalJEPA_PreLocal,from_pretrained,new,10,2,0.375,37.5,0.375,37.5,123,173,173,32,8,"[16, 16]","[4, 4]","[5, 3]","[[2, 2], [3, 1]]",0.625,False,0.51658365,0.999116
SignalJEPA_PreLocal__from_pretrained__new,SignalJEPA_PreLocal,from_pretrained,new,10,3,0.375,37.5,0.375,37.5,199,248,248,32,8,"[16, 16]","[4, 4]","[5, 3]","[[2, 2], [3, 1]]",0.625,False,0.53007424,0.99488757
SignalJEPA_PreLocal__from_pretrained__new,SignalJEPA_PreLocal,from_pretrained,new,10,4,0.75,75.0,0.75,75.0,381,429,429,32,8,"[16, 16]","[4, 4]","[4, 4]","[[3, 1], [1, 3]]",0.5,False,0.54685718,0.99108789
SignalJEPA_PreLocal__from_pretrained__new,SignalJEPA_PreLocal,from_pretrained,new,10,5,0.375,37.5,0.375,37.5,426,476,476,32,8,"[16, 16]","[4, 4]","[3, 5]","[[1, 3], [2, 2]]",0.625,False,0.56438706,0.9851284
SignalJEPA_PreLocal__from_pretrained__new,SignalJEPA_PreLocal,from_pretrained,new,11,1,0.5,50.0,0.5,50.0,6,56,56,32,8,"[16, 16]","[4, 4]","[0, 8]","[[0, 4], [0, 4]]",1.0,True,0.50834996,0.99978592
SignalJEPA_PreLocal__from_pretrained__new,SignalJEPA_PreLocal,from_pretrained,new,11,2,0.5,50.0,0.5,50.0,1,51,51,32,8,"[16, 16]","[4, 4]","[0, 8]","[[0, 4], [0, 4]]",1.0,True,0.50636881,0.99987768
SignalJEPA_PreLocal__from_pretrained__new,SignalJEPA_PreLocal,from_pretrained,new,11,3,0.5,50.0,0.5,50.0,6,54,54,32,8,"[16, 16]","[4, 4]","[0, 8]","[[0, 4], [0, 4]]",1.0,True,0.50689527,0.99983175
SignalJEPA_PreLocal__from_pretrained__new,SignalJEPA_PreLocal,from_pretrained,new,11,4,0.5,50.0,0.5,50.0,4,54,54,32,8,"[16, 16]","[4, 4]","[0, 8]","[[0, 4], [0, 4]]",1.0,True,0.50628829,0.99987108
SignalJEPA_PreLocal__from_pretrained__new,SignalJEPA_PreLocal,from_pretrained,new,11,5,0.5,50.0,0.5,50.0,2,51,51,32,8,"[16, 16]","[4, 4]","[0, 8]","[[0, 4], [0, 4]]",1.0,True,0.50604767,0.99989116
SignalJEPA_PreLocal__from_pretrained__new,SignalJEPA_PreLocal,from_pretrained,new,12,1,0.5,50.0,0.5,50.0,6,54,54,32,8,"[16, 16]","[4, 4]","[0, 8]","[[0, 4], [0, 4]]",1.0,True,0.50692286,0.99982657
SignalJEPA_PreLocal__from_pretrained__new,SignalJEPA_PreLocal,from_pretrained,new,12,2,0.5,50.0,0.5,50.0,1,51,51,32,8,"[16, 16]","[4, 4]","[0, 8]","[[0, 4], [0, 4]]",1.0,True,0.50764108,0.99982266
SignalJEPA_PreLocal__from_pretrained__new,SignalJEPA_PreLocal,from_pretrained,new,12,3,0.75,75.0,0.75,75.0,131,179,179,32,8,"[16, 16]","[4, 4]","[6, 2]","[[4, 0], [2, 2]]",0.75,False,0.50941195,0.99956831
SignalJEPA_PreLocal__from_pretrained__new,SignalJEPA_PreLocal,from_pretrained,new,12,4,0.375,37.5,0.375,37.5,911,961,961,32,8,"[16, 16]","[4, 4]","[3, 5]","[[1, 3], [2, 2]]",0.625,False,0.61500231,0.93917881
SignalJEPA_PreLocal__from_pretrained__new,SignalJEPA_PreLocal,from_pretrained,new,12,5,0.5,50.0,0.5,50.0,2,51,51,32,8,"[16, 16]","[4, 4]","[0, 8]","[[0, 4], [0, 4]]",1.0,True,0.50513391,0.99991371
SignalJEPA_PreLocal__from_pretrained__new,SignalJEPA_PreLocal,from_pretrained,new,13,1,0.625,62.5,0.625,62.5,425,475,475,32,8,"[16, 16]","[4, 4]","[3, 5]","[[2, 2], [1, 3]]",0.625,False,0.55175084,0.98791856
SignalJEPA_PreLocal__from_pretrained__new,SignalJEPA_PreLocal,from_pretrained,new,13,2,0.5,50.0,0.5,50.0,18,67,67,32,8,"[16, 16]","[4, 4]","[0, 8]","[[0, 4], [0, 4]]",1.0,True,0.50683825,0.9998319
SignalJEPA_PreLocal__from_pretrained__new,SignalJEPA_PreLocal,from_pretrained,new,13,3,0.625,62.5,0.625,62.5,102,151,151,32,8,"[16, 16]","[4, 4]","[5, 3]","[[3, 1], [2, 2]]",0.625,False,0.52118459,0.99834484
SignalJEPA_PreLocal__from_pretrained__new,SignalJEPA_PreLocal,from_pretrained,new,13,4,0.75,75.0,0.75,75.0,167,215,215,32,8,"[16, 16]","[4, 4]","[6, 2]","[[4, 0], [2, 2]]",0.75,False,0.52881934,0.99684933
SignalJEPA_PreLocal__from_pretrained__new,SignalJEPA_PreLocal,from_pretrained,new,13,5,0.5,50.0,0.5,50.0,4,51,51,32,8,"[16, 16]","[4, 4]","[0, 8]","[[0, 4], [0, 4]]",1.0,True,0.50612723,0.99988457
SignalJEPA_PreLocal__from_pretrained__new,SignalJEPA_PreLocal,from_pretrained,new,14,1,0.5,50.0,0.5,50.0,6,55,55,32,8,"[16, 16]","[4, 4]","[0, 8]","[[0, 4], [0, 4]]",1.0,True,0.50824927,0.99978384
SignalJEPA_PreLocal__from_pretrained__new,SignalJEPA_PreLocal,from_pretrained,new,14,2,0.5,50.0,0.5,50.0,1,51,51,32,8,"[16, 16]","[4, 4]","[0, 8]","[[0, 4], [0, 4]]",1.0,True,0.5065865,0.99986646
SignalJEPA_PreLocal__from_pretrained__new,SignalJEPA_PreLocal,from_pretrained,new,14,3,0.5,50.0,0.5,50.0,2,51,51,32,8,"[16, 16]","[4, 4]","[0, 8]","[[0, 4], [0, 4]]",1.0,True,0.50598189,0.99989441
SignalJEPA_PreLocal__from_pretrained__new,SignalJEPA_PreLocal,from_pretrained,new,14,4,0.5,50.0,0.5,50.0,4,54,54,32,8,"[16, 16]","[4, 4]","[0, 8]","[[0, 4], [0, 4]]",1.0,True,0.5069389,0.99984722
SignalJEPA_PreLocal__from_pretrained__new,SignalJEPA_PreLocal,from_pretrained,new,14,5,0.5,50.0,0.5,50.0,4,53,53,32,8,"[16, 16]","[4, 4]","[0, 8]","[[0, 4], [0, 4]]",1.0,True,0.50793362,0.99981257
SignalJEPA_PreLocal__from_pretrained__new,SignalJEPA_PreLocal,from_pretrained,new,15,1,0.5,50.0,0.5,50.0,1,51,51,32,8,"[16, 16]","[4, 4]","[0, 8]","[[0, 4], [0, 4]]",1.0,True,0.50629341,0.99986807
SignalJEPA_PreLocal__from_pretrained__new,SignalJEPA_PreLocal,from_pretrained,new,15,2,0.375,37.5,0.375,37.5,732,781,781,32,8,"[16, 16]","[4, 4]","[3, 5]","[[1, 3], [2, 2]]",0.625,False,0.58186521,0.9720552
SignalJEPA_PreLocal__from_pretrained__new,SignalJEPA_PreLocal,from_pretrained,new,15,3,0.5,50.0,0.5,50.0,1,51,51,32,8,"[16, 16]","[4, 4]","[0, 8]","[[0, 4], [0, 4]]",1.0,True,0.50666749,0.99983576
SignalJEPA_PreLocal__from_pretrained__new,SignalJEPA_PreLocal,from_pretrained,new,15,4,0.5,50.0,0.5,50.0,1,51,51,32,8,"[16, 16]","[4, 4]","[0, 8]","[[0, 4], [0, 4]]",1.0,True,0.50770508,0.99981193
SignalJEPA_PreLocal__from_pretrained__new,SignalJEPA_PreLocal,from_pretrained,new,15,5,0.5,50.0,0.5,50.0,1,51,51,32,8,"[16, 16]","[4, 4]","[0, 8]","[[0, 4], [0, 4]]",1.0,True,0.50542523,0.99990346
SignalJEPA_PreLocal__from_pretrained__new,SignalJEPA_PreLocal,from_pretrained,new,16,1,0.5,50.0,0.5,50.0,4,52,52,32,8,"[16, 16]","[4, 4]","[0, 8]","[[0, 4], [0, 4]]",1.0,True,0.50720252,0.99984629
SignalJEPA_PreLocal__from_pretrained__new,SignalJEPA_PreLocal,from_pretrained,new,16,2,0.5,50.0,0.5,50.0,2,51,51,32,8,"[16, 16]","[4, 4]","[0, 8]","[[0, 4], [0, 4]]",1.0,True,0.50725999,0.9998406
SignalJEPA_PreLocal__from_pretrained__new,SignalJEPA_PreLocal,from_pretrained,new,16,3,0.5,50.0,0.5,50.0,1,51,51,32,8,"[16, 16]","[4, 4]","[0, 8]","[[0, 4], [0, 4]]",1.0,True,0.50635248,0.99986629
SignalJEPA_PreLocal__from_pretrained__new,SignalJEPA_PreLocal,from_pretrained,new,16,4,0.5,50.0,0.5,50.0,1,51,51,32,8,"[16, 16]","[4, 4]","[0, 8]","[[0, 4], [0, 4]]",1.0,True,0.50714878,0.99983104
SignalJEPA_PreLocal__from_pretrained__new,SignalJEPA_PreLocal,from_pretrained,new,16,5,0.5,50.0,0.5,50.0,1,51,51,32,8,"[16, 16]","[4, 4]","[0, 8]","[[0, 4], [0, 4]]",1.0,True,0.5057052,0.99989276
SignalJEPA_PreLocal__from_pretrained__new,SignalJEPA_PreLocal,from_pretrained,new,17,1,0.5,50.0,0.5,50.0,1,51,51,32,8,"[16, 16]","[4, 4]","[0, 8]","[[0, 4], [0, 4]]",1.0,True,0.50703044,0.99984704
SignalJEPA_PreLocal__from_pretrained__new,SignalJEPA_PreLocal,from_pretrained,new,17,2,0.5,50.0,0.5,50.0,6,54,54,32,8,"[16, 16]","[4, 4]","[0, 8]","[[0, 4], [0, 4]]",1.0,True,0.50765492,0.99982671
SignalJEPA_PreLocal__from_pretrained__new,SignalJEPA_PreLocal,from_pretrained,new,17,3,0.5,50.0,0.5,50.0,1,51,51,32,8,"[16, 16]","[4, 4]","[0, 8]","[[0, 4], [0, 4]]",1.0,True,0.50670868,0.99985643
SignalJEPA_PreLocal__from_pretrained__new,SignalJEPA_PreLocal,from_pretrained,new,17,4,0.5,50.0,0.5,50.0,13,56,56,32,8,"[16, 16]","[4, 4]","[0, 8]","[[0, 4], [0, 4]]",1.0,True,0.50803638,0.99980871
SignalJEPA_PreLocal__from_pretrained__new,SignalJEPA_PreLocal,from_pretrained,new,17,5,0.5,50.0,0.5,50.0,13,60,60,32,8,"[16, 16]","[4, 4]","[0, 8]","[[0, 4], [0, 4]]",1.0,True,0.50710494,0.99984008
SignalJEPA_PreLocal__from_pretrained__new,SignalJEPA_PreLocal,from_pretrained,new,18,1,0.375,37.5,0.375,37.5,636,686,686,32,8,"[16, 16]","[4, 4]","[5, 3]","[[2, 2], [3, 1]]",0.625,False,0.58560123,0.97162218
SignalJEPA_PreLocal__from_pretrained__new,SignalJEPA_PreLocal,from_pretrained,new,18,2,0.5,50.0,0.5,50.0,225,274,274,32,8,"[16, 16]","[4, 4]","[4, 4]","[[2, 2], [2, 2]]",0.5,False,0.54217396,0.99424268
SignalJEPA_PreLocal__from_pretrained__new,SignalJEPA_PreLocal,from_pretrained,new,18,3,0.625,62.5,0.625,62.5,395,445,445,32,8,"[16, 16]","[4, 4]","[5, 3]","[[3, 1], [2, 2]]",0.625,False,0.55334629,0.98906211
SignalJEPA_PreLocal__from_pretrained__new,SignalJEPA_PreLocal,from_pretrained,new,18,4,0.625,62.5,0.625,62.5,286,336,336,32,8,"[16, 16]","[4, 4]","[7, 1]","[[4, 0], [3, 1]]",0.875,False,0.53320929,0.99538915
SignalJEPA_PreLocal__from_pretrained__new,SignalJEPA_PreLocal,from_pretrained,new,18,5,0.5,50.0,0.5,50.0,3,52,52,32,8,"[16, 16]","[4, 4]","[0, 8]","[[0, 4], [0, 4]]",1.0,True,0.50808881,0.99978964
SignalJEPA_PreLocal__from_pretrained__new,SignalJEPA_PreLocal,from_pretrained,new,19,1,0.25,25.0,0.25,25.0,524,574,574,32,8,"[16, 16]","[4, 4]","[4, 4]","[[1, 3], [3, 1]]",0.5,False,0.5715403,0.97948527
SignalJEPA_PreLocal__from_pretrained__new,SignalJEPA_PreLocal,from_pretrained,new,19,2,0.75,75.0,0.75,75.0,232,281,281,32,8,"[16, 16]","[4, 4]","[6, 2]","[[4, 0], [2, 2]]",0.75,False,0.52667944,0.99674547
SignalJEPA_PreLocal__from_pretrained__new,SignalJEPA_PreLocal,from_pretrained,new,19,3,0.5,50.0,0.5,50.0,1,51,51,32,8,"[16, 16]","[4, 4]","[0, 8]","[[0, 4], [0, 4]]",1.0,True,0.50780905,0.99981588
SignalJEPA_PreLocal__from_pretrained__new,SignalJEPA_PreLocal,from_pretrained,new,19,4,0.625,62.5,0.625,62.5,1,51,51,32,8,"[16, 16]","[4, 4]","[1, 7]","[[1, 3], [0, 4]]",0.875,False,0.50525913,0.99989478
SignalJEPA_PreLocal__from_pretrained__new,SignalJEPA_PreLocal,from_pretrained,new,19,5,0.5,50.0,0.5,50.0,1,51,51,32,8,"[16, 16]","[4, 4]","[0, 8]","[[0, 4], [0, 4]]",1.0,True,0.50732444,0.9998357
SignalJEPA_PreLocal__from_pretrained__new,SignalJEPA_PreLocal,from_pretrained,new,20,1,0.25,25.0,0.25,25.0,522,571,571,32,8,"[16, 16]","[4, 4]","[6, 2]","[[2, 2], [4, 0]]",0.75,False,0.54876571,0.98943012
SignalJEPA_PreLocal__from_pretrained__new,SignalJEPA_PreLocal,from_pretrained,new,20,2,0.375,37.5,0.375,37.5,9,56,56,32,8,"[16, 16]","[4, 4]","[1, 7]","[[0, 4], [1, 3]]",0.875,False,0.50684708,0.99982025
SignalJEPA_PreLocal__from_pretrained__new,SignalJEPA_PreLocal,from_pretrained,new,20,3,0.25,25.0,0.25,25.0,102,150,150,32,8,"[16, 16]","[4, 4]","[6, 2]","[[2, 2], [4, 0]]",0.75,False,0.50888963,0.99965684
SignalJEPA_PreLocal__from_pretrained__new,SignalJEPA_PreLocal,from_pretrained,new,20,4,0.5,50.0,0.5,50.0,1,51,51,32,8,"[16, 16]","[4, 4]","[0, 8]","[[0, 4], [0, 4]]",1.0,True,0.50554696,0.99989473
SignalJEPA_PreLocal__from_pretrained__new,SignalJEPA_PreLocal,from_pretrained,new,20,5,0.5,50.0,0.5,50.0,1,51,51,32,8,"[16, 16]","[4, 4]","[0, 8]","[[0, 4], [0, 4]]",1.0,True,0.50713084,0.99984571
SignalJEPA_PreLocal__from_pretrained__new,SignalJEPA_PreLocal,from_pretrained,new,21,1,0.5,50.0,0.5,50.0,4,52,52,32,8,"[16, 16]","[4, 4]","[0, 8]","[[0, 4], [0, 4]]",1.0,True,0.50668406,0.99985571
SignalJEPA_PreLocal__from_pretrained__new,SignalJEPA_PreLocal,from_pretrained,new,21,2,0.5,50.0,0.5,50.0,8,56,56,32,8,"[16, 16]","[4, 4]","[0, 8]","[[0, 4], [0, 4]]",1.0,True,0.50679737,0.99985158
SignalJEPA_PreLocal__from_pretrained__new,SignalJEPA_PreLocal,from_pretrained,new,21,3,0.5,50.0,0.5,50.0,5,54,54,32,8,"[16, 16]","[4, 4]","[0, 8]","[[0, 4], [0, 4]]",1.0,True,0.50736622,0.99984014
SignalJEPA_PreLocal__from_pretrained__new,SignalJEPA_PreLocal,from_pretrained,new,21,4,0.5,50.0,0.5,50.0,66,114,114,32,8,"[16, 16]","[4, 4]","[0, 8]","[[0, 4], [0, 4]]",1.0,True,0.51193187,0.99934665
SignalJEPA_PreLocal__from_pretrained__new,SignalJEPA_PreLocal,from_pretrained,new,21,5,0.5,50.0,0.5,50.0,17,63,63,32,8,"[16, 16]","[4, 4]","[0, 8]","[[0, 4], [0, 4]]",1.0,True,0.50509501,0.99989393
SignalJEPA_PreLocal__from_pretrained__new,SignalJEPA_PreLocal,from_pretrained,new,22,1,0.5,50.0,0.5,50.0,516,566,566,32,8,"[16, 16]","[4, 4]","[2, 6]","[[1, 3], [1, 3]]",0.75,False,0.56822295,0.98219103
SignalJEPA_PreLocal__from_pretrained__new,SignalJEPA_PreLocal,from_pretrained,new,22,2,0.375,37.5,0.375,37.5,6,56,56,32,8,"[16, 16]","[4, 4]","[1, 7]","[[0, 4], [1, 3]]",0.875,False,0.50590364,0.99985822
SignalJEPA_PreLocal__from_pretrained__new,SignalJEPA_PreLocal,from_pretrained,new,22,3,0.25,25.0,0.25,25.0,127,177,177,32,8,"[16, 16]","[4, 4]","[2, 6]","[[0, 4], [2, 2]]",0.75,False,0.51272969,0.99905116
SignalJEPA_PreLocal__from_pretrained__new,SignalJEPA_PreLocal,from_pretrained,new,22,4,0.375,37.5,0.375,37.5,224,273,273,32,8,"[16, 16]","[4, 4]","[3, 5]","[[1, 3], [2, 2]]",0.625,False,0.53409212,0.99523513
SignalJEPA_PreLocal__from_pretrained__new,SignalJEPA_PreLocal,from_pretrained,new,22,5,0.375,37.5,0.375,37.5,581,631,631,32,8,"[16, 16]","[4, 4]","[7, 1]","[[3, 1], [4, 0]]",0.875,False,0.57786456,0.97183147
SignalJEPA_PreLocal__from_pretrained__new,SignalJEPA_PreLocal,from_pretrained,new,23,1,0.5,50.0,0.5,50.0,1,51,51,32,8,"[16, 16]","[4, 4]","[0, 8]","[[0, 4], [0, 4]]",1.0,True,0.50870693,0.99976602
SignalJEPA_PreLocal__from_pretrained__new,SignalJEPA_PreLocal,from_pretrained,new,23,2,0.5,50.0,0.5,50.0,9,58,58,32,8,"[16, 16]","[4, 4]","[0, 8]","[[0, 4], [0, 4]]",1.0,True,0.50521745,0.99990813
SignalJEPA_PreLocal__from_pretrained__new,SignalJEPA_PreLocal,from_pretrained,new,23,3,0.5,50.0,0.5,50.0,11,60,60,32,8,"[16, 16]","[4, 4]","[0, 8]","[[0, 4], [0, 4]]",1.0,True,0.50815903,0.99980221
SignalJEPA_PreLocal__from_pretrained__new,SignalJEPA_PreLocal,from_pretrained,new,23,4,0.5,50.0,0.5,50.0,68,115,115,32,8,"[16, 16]","[4, 4]","[2, 6]","[[1, 3], [1, 3]]",0.75,False,0.50706149,0.99982759
SignalJEPA_PreLocal__from_pretrained__new,SignalJEPA_PreLocal,from_pretrained,new,23,5,0.5,50.0,0.5,50.0,17,63,63,32,8,"[16, 16]","[4, 4]","[0, 8]","[[0, 4], [0, 4]]",1.0,True,0.50700948,0.99983572
SignalJEPA_PreLocal__from_pretrained__new,SignalJEPA_PreLocal,from_pretrained,new,24,1,0.5,50.0,0.5,50.0,1,51,51,32,8,"[16, 16]","[4, 4]","[0, 8]","[[0, 4], [0, 4]]",1.0,True,0.50567067,0.999897
SignalJEPA_PreLocal__from_pretrained__new,SignalJEPA_PreLocal,from_pretrained,new,24,2,0.5,50.0,0.5,50.0,4,53,53,32,8,"[16, 16]","[4, 4]","[0, 8]","[[0, 4], [0, 4]]",1.0,True,0.50676502,0.99984524
SignalJEPA_PreLocal__from_pretrained__new,SignalJEPA_PreLocal,from_pretrained,new,24,3,0.5,50.0,0.5,50.0,1,51,51,32,8,"[16, 16]","[4, 4]","[0, 8]","[[0, 4], [0, 4]]",1.0,True,0.50828549,0.99979132
SignalJEPA_PreLocal__from_pretrained__new,SignalJEPA_PreLocal,from_pretrained,new,24,4,0.5,50.0,0.5,50.0,1,51,51,32,8,"[16, 16]","[4, 4]","[0, 8]","[[0, 4], [0, 4]]",1.0,True,0.50587817,0.99988298
SignalJEPA_PreLocal__from_pretrained__new,SignalJEPA_PreLocal,from_pretrained,new,24,5,0.5,50.0,0.5,50.0,1,51,51,32,8,"[16, 16]","[4, 4]","[0, 8]","[[0, 4], [0, 4]]",1.0,True,0.50469632,0.99993026
SignalJEPA_PreLocal__from_pretrained__new,SignalJEPA_PreLocal,from_pretrained,new,25,1,0.5,50.0,0.5,50.0,1,51,51,32,8,"[16, 16]","[4, 4]","[0, 8]","[[0, 4], [0, 4]]",1.0,True,0.50651652,0.9998672
SignalJEPA_PreLocal__from_pretrained__new,SignalJEPA_PreLocal,from_pretrained,new,25,2,0.5,50.0,0.5,50.0,63,113,113,32,8,"[16, 16]","[4, 4]","[4, 4]","[[2, 2], [2, 2]]",0.5,False,0.50437989,0.99990347
SignalJEPA_PreLocal__from_pretrained__new,SignalJEPA_PreLocal,from_pretrained,new,25,3,0.5,50.0,0.5,50.0,1,51,51,32,8,"[16, 16]","[4, 4]","[0, 8]","[[0, 4], [0, 4]]",1.0,True,0.50762963,0.9998286
SignalJEPA_PreLocal__from_pretrained__new,SignalJEPA_PreLocal,from_pretrained,new,25,4,0.5,50.0,0.5,50.0,58,107,107,32,8,"[16, 16]","[4, 4]","[0, 8]","[[0, 4], [0, 4]]",1.0,True,0.50853983,0.99969559
SignalJEPA_PreLocal__from_pretrained__new,SignalJEPA_PreLocal,from_pretrained,new,25,5,0.5,50.0,0.5,50.0,1,51,51,32,8,"[16, 16]","[4, 4]","[0, 8]","[[0, 4], [0, 4]]",1.0,True,0.50750091,0.99981866
SignalJEPA_PreLocal__from_pretrained__new,SignalJEPA_PreLocal,from_pretrained,new,26,1,0.625,62.5,0.625,62.5,70,118,118,32,8,"[16, 16]","[4, 4]","[1, 7]","[[1, 3], [0, 4]]",0.875,False,0.50798772,0.99976672
SignalJEPA_PreLocal__from_pretrained__new,SignalJEPA_PreLocal,from_pretrained,new,26,2,0.5,50.0,0.5,50.0,2,51,51,32,8,"[16, 16]","[4, 4]","[0, 8]","[[0, 4], [0, 4]]",1.0,True,0.50496388,0.99990271
SignalJEPA_PreLocal__from_pretrained__new,SignalJEPA_PreLocal,from_pretrained,new,26,3,0.5,50.0,0.5,50.0,6,56,56,32,8,"[16, 16]","[4, 4]","[0, 8]","[[0, 4], [0, 4]]",1.0,True,0.5075429,0.99981277
SignalJEPA_PreLocal__from_pretrained__new,SignalJEPA_PreLocal,from_pretrained,new,26,4,0.5,50.0,0.5,50.0,168,218,218,32,8,"[16, 16]","[4, 4]","[2, 6]","[[1, 3], [1, 3]]",0.75,False,0.53849453,0.99248545
SignalJEPA_PreLocal__from_pretrained__new,SignalJEPA_PreLocal,from_pretrained,new,26,5,0.5,50.0,0.5,50.0,6,54,54,32,8,"[16, 16]","[4, 4]","[0, 8]","[[0, 4], [0, 4]]",1.0,True,0.50622607,0.9998713
SignalJEPA_PreLocal__from_pretrained__new,SignalJEPA_PreLocal,from_pretrained,new,27,1,0.5,50.0,0.5,50.0,56,56,56,32,8,"[16, 16]","[4, 4]","[0, 8]","[[0, 4], [0, 4]]",1.0,True,0.50803835,0.99979141
SignalJEPA_PreLocal__from_pretrained__new,SignalJEPA_PreLocal,from_pretrained,new,27,2,0.75,75.0,0.75,75.0,504,553,553,32,8,"[16, 16]","[4, 4]","[6, 2]","[[4, 0], [2, 2]]",0.75,False,0.56124538,0.98105772
SignalJEPA_PreLocal__from_pretrained__new,SignalJEPA_PreLocal,from_pretrained,new,27,3,0.5,50.0,0.5,50.0,2,51,51,32,8,"[16, 16]","[4, 4]","[0, 8]","[[0, 4], [0, 4]]",1.0,True,0.50624625,0.999847
SignalJEPA_PreLocal__from_pretrained__new,SignalJEPA_PreLocal,from_pretrained,new,27,4,0.5,50.0,0.5,50.0,1,51,51,32,8,"[16, 16]","[4, 4]","[0, 8]","[[0, 4], [0, 4]]",1.0,True,0.50661424,0.9998663
SignalJEPA_PreLocal__from_pretrained__new,SignalJEPA_PreLocal,from_pretrained,new,27,5,0.5,50.0,0.5,50.0,4,52,52,32,8,"[16, 16]","[4, 4]","[0, 8]","[[0, 4], [0, 4]]",1.0,True,0.50672646,0.99985232
SignalJEPA_PreLocal__from_pretrained__new,SignalJEPA_PreLocal,from_pretrained,new,28,1,0.5,50.0,0.5,50.0,74,123,123,32,8,"[16, 16]","[4, 4]","[4, 4]","[[2, 2], [2, 2]]",0.5,False,0.50556269,0.99986825
SignalJEPA_PreLocal__from_pretrained__new,SignalJEPA_PreLocal,from_pretrained,new,28,2,0.875,87.5,0.875,87.5,67,113,113,32,8,"[16, 16]","[4, 4]","[5, 3]","[[4, 0], [1, 3]]",0.625,False,0.50992028,0.99967728
SignalJEPA_PreLocal__from_pretrained__new,SignalJEPA_PreLocal,from_pretrained,new,28,3,0.375,37.5,0.375,37.5,64,110,110,32,8,"[16, 16]","[4, 4]","[5, 3]","[[2, 2], [3, 1]]",0.625,False,0.50822234,0.99975784
SignalJEPA_PreLocal__from_pretrained__new,SignalJEPA_PreLocal,from_pretrained,new,28,4,0.5,50.0,0.5,50.0,1,51,51,32,8,"[16, 16]","[4, 4]","[0, 8]","[[0, 4], [0, 4]]",1.0,True,0.506081,0.99988276
SignalJEPA_PreLocal__from_pretrained__new,SignalJEPA_PreLocal,from_pretrained,new,28,5,0.5,50.0,0.5,50.0,4,53,53,32,8,"[16, 16]","[4, 4]","[0, 8]","[[0, 4], [0, 4]]",1.0,True,0.50781158,0.99981284
SignalJEPA_PreLocal__from_pretrained__new,SignalJEPA_PreLocal,from_pretrained,new,29,1,0.5,50.0,0.5,50.0,1,51,51,32,8,"[16, 16]","[4, 4]","[0, 8]","[[0, 4], [0, 4]]",1.0,True,0.505729,0.99989355
SignalJEPA_PreLocal__from_pretrained__new,SignalJEPA_PreLocal,from_pretrained,new,29,2,0.375,37.5,0.375,37.5,447,497,497,32,8,"[16, 16]","[4, 4]","[5, 3]","[[2, 2], [3, 1]]",0.625,False,0.59323767,0.96019189
SignalJEPA_PreLocal__from_pretrained__new,SignalJEPA_PreLocal,from_pretrained,new,29,3,0.375,37.5,0.375,37.5,170,219,219,32,8,"[16, 16]","[4, 4]","[5, 3]","[[2, 2], [3, 1]]",0.625,False,0.51410503,0.99923931
SignalJEPA_PreLocal__from_pretrained__new,SignalJEPA_PreLocal,from_pretrained,new,29,4,0.5,50.0,0.5,50.0,684,734,734,32,8,"[16, 16]","[4, 4]","[6, 2]","[[3, 1], [3, 1]]",0.75,False,0.58462382,0.96475114
SignalJEPA_PreLocal__from_pretrained__new,SignalJEPA_PreLocal,from_pretrained,new,29,5,0.5,50.0,0.5,50.0,2,51,51,32,8,"[16, 16]","[4, 4]","[0, 8]","[[0, 4], [0, 4]]",1.0,True,0.50562979,0.99990215
SignalJEPA_PreLocal__from_pretrained__new,SignalJEPA_PreLocal,from_pretrained,new,30,1,0.5,50.0,0.5,50.0,1217,1266,1266,32,8,"[16, 16]","[4, 4]","[4, 4]","[[2, 2], [2, 2]]",0.5,False,0.6263469,0.94009669
SignalJEPA_PreLocal__from_pretrained__new,SignalJEPA_PreLocal,from_pretrained,new,30,2,0.5,50.0,0.5,50.0,129,129,129,32,8,"[16, 16]","[4, 4]","[2, 6]","[[1, 3], [1, 3]]",0.75,False,0.5141211,0.99883833
SignalJEPA_PreLocal__from_pretrained__new,SignalJEPA_PreLocal,from_pretrained,new,30,3,0.5,50.0,0.5,50.0,1,51,51,32,8,"[16, 16]","[4, 4]","[0, 8]","[[0, 4], [0, 4]]",1.0,True,0.50624603,0.99987806
SignalJEPA_PreLocal__from_pretrained__new,SignalJEPA_PreLocal,from_pretrained,new,30,4,0.5,50.0,0.5,50.0,1,51,51,32,8,"[16, 16]","[4, 4]","[0, 8]","[[0, 4], [0, 4]]",1.0,True,0.50775839,0.99981148
SignalJEPA_PreLocal__from_pretrained__new,SignalJEPA_PreLocal,from_pretrained,new,30,5,0.5,50.0,0.5,50.0,1,51,51,32,8,"[16, 16]","[4, 4]","[0, 8]","[[0, 4], [0, 4]]",1.0,True,0.50668319,0.99985454
SignalJEPA_PreLocal__from_pretrained__new,SignalJEPA_PreLocal,from_pretrained,new,31,1,0.5,50.0,0.5,50.0,4,52,52,32,8,"[16, 16]","[4, 4]","[0, 8]","[[0, 4], [0, 4]]",1.0,True,0.505822,0.99989746
SignalJEPA_PreLocal__from_pretrained__new,SignalJEPA_PreLocal,from_pretrained,new,31,2,0.5,50.0,0.5,50.0,102,152,152,32,8,"[16, 16]","[4, 4]","[6, 2]","[[3, 1], [3, 1]]",0.75,False,0.51277889,0.99916972
SignalJEPA_PreLocal__from_pretrained__new,SignalJEPA_PreLocal,from_pretrained,new,31,3,0.625,62.5,0.625,62.5,167,216,216,32,8,"[16, 16]","[4, 4]","[7, 1]","[[4, 0], [3, 1]]",0.875,False,0.538365,0.99475143
SignalJEPA_PreLocal__from_pretrained__new,SignalJEPA_PreLocal,from_pretrained,new,31,4,0.75,75.0,0.75,75.0,136,185,185,32,8,"[16, 16]","[4, 4]","[6, 2]","[[4, 0], [2, 2]]",0.75,False,0.51787513,0.99867057
SignalJEPA_PreLocal__from_pretrained__new,SignalJEPA_PreLocal,from_pretrained,new,31,5,0.625,62.5,0.625,62.5,182,230,230,32,8,"[16, 16]","[4, 4]","[5, 3]","[[3, 1], [2, 2]]",0.625,False,0.53252551,0.99621391
SignalJEPA_PreLocal__from_pretrained__new,SignalJEPA_PreLocal,from_pretrained,new,32,1,0.375,37.5,0.375,37.5,708,758,758,32,8,"[16, 16]","[4, 4]","[3, 5]","[[1, 3], [2, 2]]",0.625,False,0.59110252,0.96404726
SignalJEPA_PreLocal__from_pretrained__new,SignalJEPA_PreLocal,from_pretrained,new,32,2,0.625,62.5,0.625,62.5,75,124,124,32,8,"[16, 16]","[4, 4]","[1, 7]","[[1, 3], [0, 4]]",0.875,False,0.50972691,0.99961114
SignalJEPA_PreLocal__from_pretrained__new,SignalJEPA_PreLocal,from_pretrained,new,32,3,0.5,50.0,0.5,50.0,6,54,54,32,8,"[16, 16]","[4, 4]","[0, 8]","[[0, 4], [0, 4]]",1.0,True,0.50840029,0.99978135
SignalJEPA_PreLocal__from_pretrained__new,SignalJEPA_PreLocal,from_pretrained,new,32,4,0.75,75.0,0.75,75.0,68,116,116,32,8,"[16, 16]","[4, 4]","[2, 6]","[[2, 2], [0, 4]]",0.75,False,0.51109818,0.99959743
SignalJEPA_PreLocal__from_pretrained__new,SignalJEPA_PreLocal,from_pretrained,new,32,5,0.625,62.5,0.625,62.5,70,118,118,32,8,"[16, 16]","[4, 4]","[1, 7]","[[1, 3], [0, 4]]",0.875,False,0.50645827,0.99982101
SignalJEPA_PreLocal__from_pretrained__new,SignalJEPA_PreLocal,from_pretrained,new,33,1,0.625,62.5,0.625,62.5,1210,1260,1260,32,8,"[16, 16]","[4, 4]","[3, 5]","[[2, 2], [1, 3]]",0.625,False,0.59238364,0.96323094
SignalJEPA_PreLocal__from_pretrained__new,SignalJEPA_PreLocal,from_pretrained,new,33,2,0.5,50.0,0.5,50.0,699,749,749,32,8,"[16, 16]","[4, 4]","[4, 4]","[[2, 2], [2, 2]]",0.5,False,0.58843389,0.96129485
SignalJEPA_PreLocal__from_pretrained__new,SignalJEPA_PreLocal,from_pretrained,new,33,3,0.875,87.5,0.875,87.5,508,558,558,32,8,"[16, 16]","[4, 4]","[3, 5]","[[3, 1], [0, 4]]",0.625,False,0.57489102,0.97850732
SignalJEPA_PreLocal__from_pretrained__new,SignalJEPA_PreLocal,from_pretrained,new,33,4,0.375,37.5,0.375,37.5,351,399,399,32,8,"[16, 16]","[4, 4]","[5, 3]","[[2, 2], [3, 1]]",0.625,False,0.55506383,0.98830482
SignalJEPA_PreLocal__from_pretrained__new,SignalJEPA_PreLocal,from_pretrained,new,33,5,0.625,62.5,0.625,62.5,188,230,230,32,8,"[16, 16]","[4, 4]","[7, 1]","[[4, 0], [3, 1]]",0.875,False,0.54932368,0.98942026
SignalJEPA_PreLocal__from_pretrained__new,SignalJEPA_PreLocal,from_pretrained,new,34,1,0.5,50.0,0.5,50.0,2,51,51,32,8,"[16, 16]","[4, 4]","[0, 8]","[[0, 4], [0, 4]]",1.0,True,0.50586519,0.99988311
SignalJEPA_PreLocal__from_pretrained__new,SignalJEPA_PreLocal,from_pretrained,new,34,2,0.5,50.0,0.5,50.0,2,51,51,32,8,"[16, 16]","[4, 4]","[0, 8]","[[0, 4], [0, 4]]",1.0,True,0.50680485,0.99985851
SignalJEPA_PreLocal__from_pretrained__new,SignalJEPA_PreLocal,from_pretrained,new,34,3,0.5,50.0,0.5,50.0,5,53,53,32,8,"[16, 16]","[4, 4]","[0, 8]","[[0, 4], [0, 4]]",1.0,True,0.50737587,0.99982436
SignalJEPA_PreLocal__from_pretrained__new,SignalJEPA_PreLocal,from_pretrained,new,34,4,0.375,37.5,0.375,37.5,64,112,112,32,8,"[16, 16]","[4, 4]","[1, 7]","[[0, 4], [1, 3]]",0.875,False,0.50474552,0.99991971
SignalJEPA_PreLocal__from_pretrained__new,SignalJEPA_PreLocal,from_pretrained,new,34,5,0.5,50.0,0.5,50.0,1,51,51,32,8,"[16, 16]","[4, 4]","[0, 8]","[[0, 4], [0, 4]]",1.0,True,0.50765579,0.99981444
SignalJEPA_PreLocal__from_pretrained__new,SignalJEPA_PreLocal,from_pretrained,new,35,1,0.75,75.0,0.75,75.0,675,725,725,32,8,"[16, 16]","[4, 4]","[4, 4]","[[3, 1], [1, 3]]",0.5,False,0.582251,0.97253853
SignalJEPA_PreLocal__from_pretrained__new,SignalJEPA_PreLocal,from_pretrained,new,35,2,0.5,50.0,0.5,50.0,550,598,598,32,8,"[16, 16]","[4, 4]","[6, 2]","[[3, 1], [3, 1]]",0.75,False,0.57702728,0.97257612
SignalJEPA_PreLocal__from_pretrained__new,SignalJEPA_PreLocal,from_pretrained,new,35,3,0.625,62.5,0.625,62.5,430,478,478,32,8,"[16, 16]","[4, 4]","[5, 3]","[[3, 1], [2, 2]]",0.625,False,0.5417252,0.99328204
SignalJEPA_PreLocal__from_pretrained__new,SignalJEPA_PreLocal,from_pretrained,new,35,4,0.625,62.5,0.625,62.5,522,572,572,32,8,"[16, 16]","[4, 4]","[5, 3]","[[3, 1], [2, 2]]",0.625,False,0.55915997,0.9834166
SignalJEPA_PreLocal__from_pretrained__new,SignalJEPA_PreLocal,from_pretrained,new,35,5,0.5,50.0,0.5,50.0,68,118,118,32,8,"[16, 16]","[4, 4]","[4, 4]","[[2, 2], [2, 2]]",0.5,False,0.50926464,0.99950869
SignalJEPA_PreLocal__from_pretrained__new,SignalJEPA_PreLocal,from_pretrained,new,36,1,0.5,50.0,0.5,50.0,1,51,51,32,8,"[16, 16]","[4, 4]","[0, 8]","[[0, 4], [0, 4]]",1.0,True,0.5049617,0.99992246
SignalJEPA_PreLocal__from_pretrained__new,SignalJEPA_PreLocal,from_pretrained,new,36,2,0.5,50.0,0.5,50.0,1,51,51,32,8,"[16, 16]","[4, 4]","[0, 8]","[[0, 4], [0, 4]]",1.0,True,0.50621108,0.99987769
SignalJEPA_PreLocal__from_pretrained__new,SignalJEPA_PreLocal,from_pretrained,new,36,3,0.5,50.0,0.5,50.0,1,51,51,32,8,"[16, 16]","[4, 4]","[0, 8]","[[0, 4], [0, 4]]",1.0,True,0.50649493,0.99987008
SignalJEPA_PreLocal__from_pretrained__new,SignalJEPA_PreLocal,from_pretrained,new,36,4,0.5,50.0,0.5,50.0,13,61,61,32,8,"[16, 16]","[4, 4]","[0, 8]","[[0, 4], [0, 4]]",1.0,True,0.50777272,0.99979151
SignalJEPA_PreLocal__from_pretrained__new,SignalJEPA_PreLocal,from_pretrained,new,36,5,0.5,50.0,0.5,50.0,4,51,51,32,8,"[16, 16]","[4, 4]","[0, 8]","[[0, 4], [0, 4]]",1.0,True,0.50617665,0.99987643
SignalJEPA_PreLocal__from_pretrained__new,SignalJEPA_PreLocal,from_pretrained,new,37,1,0.5,50.0,0.5,50.0,2,51,51,32,8,"[16, 16]","[4, 4]","[0, 8]","[[0, 4], [0, 4]]",1.0,True,0.50608617,0.99987357
SignalJEPA_PreLocal__from_pretrained__new,SignalJEPA_PreLocal,from_pretrained,new,37,2,0.625,62.5,0.625,62.5,919,968,968,32,8,"[16, 16]","[4, 4]","[3, 5]","[[2, 2], [1, 3]]",0.625,False,0.64000464,0.93164659
SignalJEPA_PreLocal__from_pretrained__new,SignalJEPA_PreLocal,from_pretrained,new,37,3,0.5,50.0,0.5,50.0,1,51,51,32,8,"[16, 16]","[4, 4]","[0, 8]","[[0, 4], [0, 4]]",1.0,True,0.5052214,0.9999141
SignalJEPA_PreLocal__from_pretrained__new,SignalJEPA_PreLocal,from_pretrained,new,37,4,0.5,50.0,0.5,50.0,11,61,61,32,8,"[16, 16]","[4, 4]","[0, 8]","[[0, 4], [0, 4]]",1.0,True,0.507975,0.99978247
SignalJEPA_PreLocal__from_pretrained__new,SignalJEPA_PreLocal,from_pretrained,new,37,5,0.5,50.0,0.5,50.0,4,52,52,32,8,"[16, 16]","[4, 4]","[0, 8]","[[0, 4], [0, 4]]",1.0,True,0.50848965,0.99978337
SignalJEPA_PreLocal__from_pretrained__new,SignalJEPA_PreLocal,from_pretrained,new,38,1,0.5,50.0,0.5,50.0,6,55,55,32,8,"[16, 16]","[4, 4]","[0, 8]","[[0, 4], [0, 4]]",1.0,True,0.50785933,0.99980063
SignalJEPA_PreLocal__from_pretrained__new,SignalJEPA_PreLocal,from_pretrained,new,38,2,0.5,50.0,0.5,50.0,6,54,54,32,8,"[16, 16]","[4, 4]","[0, 8]","[[0, 4], [0, 4]]",1.0,True,0.50893268,0.99976159
SignalJEPA_PreLocal__from_pretrained__new,SignalJEPA_PreLocal,from_pretrained,new,38,3,0.5,50.0,0.5,50.0,6,54,54,32,8,"[16, 16]","[4, 4]","[0, 8]","[[0, 4], [0, 4]]",1.0,True,0.50766666,0.9998176
SignalJEPA_PreLocal__from_pretrained__new,SignalJEPA_PreLocal,from_pretrained,new,38,4,0.5,50.0,0.5,50.0,1,51,51,32,8,"[16, 16]","[4, 4]","[0, 8]","[[0, 4], [0, 4]]",1.0,True,0.50696921,0.9998527
SignalJEPA_PreLocal__from_pretrained__new,SignalJEPA_PreLocal,from_pretrained,new,38,5,0.5,50.0,0.5,50.0,1,51,51,32,8,"[16, 16]","[4, 4]","[0, 8]","[[0, 4], [0, 4]]",1.0,True,0.50648547,0.9998531
SignalJEPA_PreLocal__from_pretrained__new,SignalJEPA_PreLocal,from_pretrained,new,39,1,0.5,50.0,0.5,50.0,4,53,53,32,8,"[16, 16]","[4, 4]","[0, 8]","[[0, 4], [0, 4]]",1.0,True,0.50846895,0.99978045
SignalJEPA_PreLocal__from_pretrained__new,SignalJEPA_PreLocal,from_pretrained,new,39,2,0.375,37.5,0.375,37.5,585,635,635,32,8,"[16, 16]","[4, 4]","[5, 3]","[[2, 2], [3, 1]]",0.625,False,0.54688895,0.99162234
SignalJEPA_PreLocal__from_pretrained__new,SignalJEPA_PreLocal,from_pretrained,new,39,3,0.5,50.0,0.5,50.0,1,51,51,32,8,"[16, 16]","[4, 4]","[0, 8]","[[0, 4], [0, 4]]",1.0,True,0.50842942,0.99977275
SignalJEPA_PreLocal__from_pretrained__new,SignalJEPA_PreLocal,from_pretrained,new,39,4,0.625,62.5,0.625,62.5,14,63,63,32,8,"[16, 16]","[4, 4]","[1, 7]","[[1, 3], [0, 4]]",0.875,False,0.50721852,0.99982424
SignalJEPA_PreLocal__from_pretrained__new,SignalJEPA_PreLocal,from_pretrained,new,39,5,0.5,50.0,0.5,50.0,1,51,51,32,8,"[16, 16]","[4, 4]","[0, 8]","[[0, 4], [0, 4]]",1.0,True,0.50492758,0.99992235
SignalJEPA_PreLocal__from_pretrained__new,SignalJEPA_PreLocal,from_pretrained,new,40,1,0.5,50.0,0.5,50.0,6,54,54,32,8,"[16, 16]","[4, 4]","[0, 8]","[[0, 4], [0, 4]]",1.0,True,0.50854269,0.99977109
SignalJEPA_PreLocal__from_pretrained__new,SignalJEPA_PreLocal,from_pretrained,new,40,2,0.5,50.0,0.5,50.0,4,54,54,32,8,"[16, 16]","[4, 4]","[0, 8]","[[0, 4], [0, 4]]",1.0,True,0.50559653,0.99989986
SignalJEPA_PreLocal__from_pretrained__new,SignalJEPA_PreLocal,from_pretrained,new,40,3,0.75,75.0,0.75,75.0,11,60,60,32,8,"[16, 16]","[4, 4]","[2, 6]","[[2, 2], [0, 4]]",0.75,False,0.50527727,0.99988501
SignalJEPA_PreLocal__from_pretrained__new,SignalJEPA_PreLocal,from_pretrained,new,40,4,0.5,50.0,0.5,50.0,2,51,51,32,8,"[16, 16]","[4, 4]","[0, 8]","[[0, 4], [0, 4]]",1.0,True,0.50690828,0.99984979
SignalJEPA_PreLocal__from_pretrained__new,SignalJEPA_PreLocal,from_pretrained,new,40,5,0.375,37.5,0.375,37.5,203,253,253,32,8,"[16, 16]","[4, 4]","[3, 5]","[[1, 3], [2, 2]]",0.625,False,0.52204069,0.99772407
SignalJEPA_PreLocal__from_pretrained__new,SignalJEPA_PreLocal,from_pretrained,new,41,1,0.5,50.0,0.5,50.0,66,114,114,32,8,"[16, 16]","[4, 4]","[2, 6]","[[1, 3], [1, 3]]",0.75,False,0.51025651,0.9996516
SignalJEPA_PreLocal__from_pretrained__new,SignalJEPA_PreLocal,from_pretrained,new,41,2,0.25,25.0,0.25,25.0,560,610,610,32,8,"[16, 16]","[4, 4]","[4, 4]","[[1, 3], [3, 1]]",0.5,False,0.56833791,0.98323159
SignalJEPA_PreLocal__from_pretrained__new,SignalJEPA_PreLocal,from_pretrained,new,41,3,0.5,50.0,0.5,50.0,1,51,51,32,8,"[16, 16]","[4, 4]","[0, 8]","[[0, 4], [0, 4]]",1.0,True,0.50566069,0.99989358
SignalJEPA_PreLocal__from_pretrained__new,SignalJEPA_PreLocal,from_pretrained,new,41,4,0.5,50.0,0.5,50.0,1,51,51,32,8,"[16, 16]","[4, 4]","[0, 8]","[[0, 4], [0, 4]]",1.0,True,0.5062009,0.99988374
SignalJEPA_PreLocal__from_pretrained__new,SignalJEPA_PreLocal,from_pretrained,new,41,5,0.5,50.0,0.5,50.0,2,51,51,32,8,"[16, 16]","[4, 4]","[0, 8]","[[0, 4], [0, 4]]",1.0,True,0.50698671,0.999831
SignalJEPA_PreLocal__from_pretrained__new,SignalJEPA_PreLocal,from_pretrained,new,42,1,0.125,12.5,0.125,12.5,73,120,120,32,8,"[16, 16]","[4, 4]","[3, 5]","[[0, 4], [3, 1]]",0.625,False,0.50591885,0.99984515
SignalJEPA_PreLocal__from_pretrained__new,SignalJEPA_PreLocal,from_pretrained,new,42,2,0.5,50.0,0.5,50.0,2,52,52,32,8,"[16, 16]","[4, 4]","[0, 8]","[[0, 4], [0, 4]]",1.0,True,0.50604959,0.9998856
SignalJEPA_PreLocal__from_pretrained__new,SignalJEPA_PreLocal,from_pretrained,new,42,3,0.5,50.0,0.5,50.0,6,54,54,32,8,"[16, 16]","[4, 4]","[0, 8]","[[0, 4], [0, 4]]",1.0,True,0.5083172,0.99979097
SignalJEPA_PreLocal__from_pretrained__new,SignalJEPA_PreLocal,from_pretrained,new,42,4,0.5,50.0,0.5,50.0,6,54,54,32,8,"[16, 16]","[4, 4]","[0, 8]","[[0, 4], [0, 4]]",1.0,True,0.50653576,0.99986823
SignalJEPA_PreLocal__from_pretrained__new,SignalJEPA_PreLocal,from_pretrained,new,42,5,0.5,50.0,0.5,50.0,6,56,56,32,8,"[16, 16]","[4, 4]","[0, 8]","[[0, 4], [0, 4]]",1.0,True,0.50668709,0.99985975
SignalJEPA_PreLocal__from_pretrained__new,SignalJEPA_PreLocal,from_pretrained,new,43,1,0.375,37.5,0.375,37.5,521,571,571,32,8,"[16, 16]","[4, 4]","[5, 3]","[[2, 2], [3, 1]]",0.625,False,0.56878062,0.97535279
SignalJEPA_PreLocal__from_pretrained__new,SignalJEPA_PreLocal,from_pretrained,new,43,2,0.75,75.0,0.75,75.0,75,122,122,32,8,"[16, 16]","[4, 4]","[4, 4]","[[3, 1], [1, 3]]",0.5,False,0.51088642,0.99954127
SignalJEPA_PreLocal__from_pretrained__new,SignalJEPA_PreLocal,from_pretrained,new,43,3,0.875,87.5,0.875,87.5,79,127,127,32,8,"[16, 16]","[4, 4]","[3, 5]","[[3, 1], [0, 4]]",0.625,False,0.50583274,0.99985672
SignalJEPA_PreLocal__from_pretrained__new,SignalJEPA_PreLocal,from_pretrained,new,43,4,0.5,50.0,0.5,50.0,2,51,51,32,8,"[16, 16]","[4, 4]","[0, 8]","[[0, 4], [0, 4]]",1.0,True,0.50785693,0.99980961
SignalJEPA_PreLocal__from_pretrained__new,SignalJEPA_PreLocal,from_pretrained,new,43,5,0.25,25.0,0.25,25.0,438,487,487,32,8,"[16, 16]","[4, 4]","[4, 4]","[[1, 3], [3, 1]]",0.5,False,0.56329163,0.98280422
SignalJEPA_PreLocal__from_pretrained__new,SignalJEPA_PreLocal,from_pretrained,new,44,1,0.625,62.5,0.625,62.5,575,625,625,32,8,"[16, 16]","[4, 4]","[3, 5]","[[2, 2], [1, 3]]",0.625,False,0.57142866,0.97733931
SignalJEPA_PreLocal__from_pretrained__new,SignalJEPA_PreLocal,from_pretrained,new,44,2,0.5,50.0,0.5,50.0,1,51,51,32,8,"[16, 16]","[4, 4]","[0, 8]","[[0, 4], [0, 4]]",1.0,True,0.50770643,0.99981485
SignalJEPA_PreLocal__from_pretrained__new,SignalJEPA_PreLocal,from_pretrained,new,44,3,0.5,50.0,0.5,50.0,1,51,51,32,8,"[16, 16]","[4, 4]","[0, 8]","[[0, 4], [0, 4]]",1.0,True,0.50606994,0.99988637
SignalJEPA_PreLocal__from_pretrained__new,SignalJEPA_PreLocal,from_pretrained,new,44,4,0.5,50.0,0.5,50.0,24,72,72,32,8,"[16, 16]","[4, 4]","[0, 8]","[[0, 4], [0, 4]]",1.0,True,0.50638667,0.99986933
SignalJEPA_PreLocal__from_pretrained__new,SignalJEPA_PreLocal,from_pretrained,new,44,5,0.125,12.5,0.125,12.5,514,564,564,32,8,"[16, 16]","[4, 4]","[3, 5]","[[0, 4], [3, 1]]",0.625,False,0.54334339,0.99278168
SignalJEPA_PreLocal__from_pretrained__new,SignalJEPA_PreLocal,from_pretrained,new,45,1,0.5,50.0,0.5,50.0,309,359,359,32,8,"[16, 16]","[4, 4]","[8, 0]","[[4, 0], [4, 0]]",1.0,True,0.54051633,0.99214952
SignalJEPA_PreLocal__from_pretrained__new,SignalJEPA_PreLocal,from_pretrained,new,45,2,0.5,50.0,0.5,50.0,4,51,51,32,8,"[16, 16]","[4, 4]","[0, 8]","[[0, 4], [0, 4]]",1.0,True,0.50594938,0.99986934
SignalJEPA_PreLocal__from_pretrained__new,SignalJEPA_PreLocal,from_pretrained,new,45,3,0.375,37.5,0.375,37.5,1183,1229,1229,32,8,"[16, 16]","[4, 4]","[5, 3]","[[2, 2], [3, 1]]",0.625,False,0.58631705,0.97144215
SignalJEPA_PreLocal__from_pretrained__new,SignalJEPA_PreLocal,from_pretrained,new,45,4,0.375,37.5,0.375,37.5,123,171,171,32,8,"[16, 16]","[4, 4]","[5, 3]","[[2, 2], [3, 1]]",0.625,False,0.5147783,0.99895268
SignalJEPA_PreLocal__from_pretrained__new,SignalJEPA_PreLocal,from_pretrained,new,45,5,0.625,62.5,0.625,62.5,1121,1171,1171,32,8,"[16, 16]","[4, 4]","[5, 3]","[[3, 1], [2, 2]]",0.625,False,0.59159808,0.96246557
SignalJEPA_PreLocal__from_pretrained__new,SignalJEPA_PreLocal,from_pretrained,new,46,1,0.5,50.0,0.5,50.0,11,58,58,32,8,"[16, 16]","[4, 4]","[0, 8]","[[0, 4], [0, 4]]",1.0,True,0.5040786,0.99994709
SignalJEPA_PreLocal__from_pretrained__new,SignalJEPA_PreLocal,from_pretrained,new,46,2,0.5,50.0,0.5,50.0,13,63,63,32,8,"[16, 16]","[4, 4]","[2, 6]","[[1, 3], [1, 3]]",0.75,False,0.50544433,0.99986748
SignalJEPA_PreLocal__from_pretrained__new,SignalJEPA_PreLocal,from_pretrained,new,46,3,0.625,62.5,0.625,62.5,83,129,129,32,8,"[16, 16]","[4, 4]","[3, 5]","[[2, 2], [1, 3]]",0.625,False,0.51068042,0.99936748
SignalJEPA_PreLocal__from_pretrained__new,SignalJEPA_PreLocal,from_pretrained,new,46,4,0.375,37.5,0.375,37.5,123,172,172,32,8,"[16, 16]","[4, 4]","[3, 5]","[[1, 3], [2, 2]]",0.625,False,0.51869887,0.9985647
SignalJEPA_PreLocal__from_pretrained__new,SignalJEPA_PreLocal,from_pretrained,new,46,5,0.5,50.0,0.5,50.0,249,299,299,32,8,"[16, 16]","[4, 4]","[6, 2]","[[3, 1], [3, 1]]",0.75,False,0.53977516,0.99379846
SignalJEPA_PreLocal__from_pretrained__new,SignalJEPA_PreLocal,from_pretrained,new,47,1,0.5,50.0,0.5,50.0,6,54,54,32,8,"[16, 16]","[4, 4]","[0, 8]","[[0, 4], [0, 4]]",1.0,True,0.50692428,0.99984843
SignalJEPA_PreLocal__from_pretrained__new,SignalJEPA_PreLocal,from_pretrained,new,47,2,0.375,37.5,0.375,37.5,4,54,54,32,8,"[16, 16]","[4, 4]","[1, 7]","[[0, 4], [1, 3]]",0.875,False,0.50678994,0.99984784
SignalJEPA_PreLocal__from_pretrained__new,SignalJEPA_PreLocal,from_pretrained,new,47,3,0.5,50.0,0.5,50.0,6,54,54,32,8,"[16, 16]","[4, 4]","[0, 8]","[[0, 4], [0, 4]]",1.0,True,0.50672025,0.99984732
SignalJEPA_PreLocal__from_pretrained__new,SignalJEPA_PreLocal,from_pretrained,new,47,4,0.5,50.0,0.5,50.0,227,277,277,32,8,"[16, 16]","[4, 4]","[4, 4]","[[2, 2], [2, 2]]",0.5,False,0.51625783,0.99850337
SignalJEPA_PreLocal__from_pretrained__new,SignalJEPA_PreLocal,from_pretrained,new,47,5,0.5,50.0,0.5,50.0,4,54,54,32,8,"[16, 16]","[4, 4]","[0, 8]","[[0, 4], [0, 4]]",1.0,True,0.5079646,0.99980495
SignalJEPA_PreLocal__from_pretrained__new,SignalJEPA_PreLocal,from_pretrained,new,48,1,0.5,50.0,0.5,50.0,1,51,51,32,8,"[16, 16]","[4, 4]","[0, 8]","[[0, 4], [0, 4]]",1.0,True,0.50683582,0.99984809
SignalJEPA_PreLocal__from_pretrained__new,SignalJEPA_PreLocal,from_pretrained,new,48,2,0.5,50.0,0.5,50.0,1160,1210,1210,32,8,"[16, 16]","[4, 4]","[6, 2]","[[3, 1], [3, 1]]",0.75,False,0.59645165,0.95997543
SignalJEPA_PreLocal__from_pretrained__new,SignalJEPA_PreLocal,from_pretrained,new,48,3,0.5,50.0,0.5,50.0,1,51,51,32,8,"[16, 16]","[4, 4]","[0, 8]","[[0, 4], [0, 4]]",1.0,True,0.50635341,0.99988038
SignalJEPA_PreLocal__from_pretrained__new,SignalJEPA_PreLocal,from_pretrained,new,48,4,0.5,50.0,0.5,50.0,1,51,51,32,8,"[16, 16]","[4, 4]","[0, 8]","[[0, 4], [0, 4]]",1.0,True,0.50641519,0.99986608
SignalJEPA_PreLocal__from_pretrained__new,SignalJEPA_PreLocal,from_pretrained,new,48,5,0.5,50.0,0.5,50.0,2,51,51,32,8,"[16, 16]","[4, 4]","[0, 8]","[[0, 4], [0, 4]]",1.0,True,0.50842047,0.99976655
SignalJEPA_PreLocal__from_pretrained__new,SignalJEPA_PreLocal,from_pretrained,new,49,1,0.5,50.0,0.5,50.0,1,51,51,32,8,"[16, 16]","[4, 4]","[0, 8]","[[0, 4], [0, 4]]",1.0,True,0.50658612,0.9998627
SignalJEPA_PreLocal__from_pretrained__new,SignalJEPA_PreLocal,from_pretrained,new,49,2,0.5,50.0,0.5,50.0,1,51,51,32,8,"[16, 16]","[4, 4]","[0, 8]","[[0, 4], [0, 4]]",1.0,True,0.50728351,0.99984007
SignalJEPA_PreLocal__from_pretrained__new,SignalJEPA_PreLocal,from_pretrained,new,49,3,0.5,50.0,0.5,50.0,23,69,69,32,8,"[16, 16]","[4, 4]","[0, 8]","[[0, 4], [0, 4]]",1.0,True,0.50510994,0.99990127
SignalJEPA_PreLocal__from_pretrained__new,SignalJEPA_PreLocal,from_pretrained,new,49,4,0.5,50.0,0.5,50.0,1,51,51,32,8,"[16, 16]","[4, 4]","[0, 8]","[[0, 4], [0, 4]]",1.0,True,0.50590314,0.99989031
SignalJEPA_PreLocal__from_pretrained__new,SignalJEPA_PreLocal,from_pretrained,new,49,5,0.5,50.0,0.5,50.0,342,390,390,32,8,"[16, 16]","[4, 4]","[6, 2]","[[3, 1], [3, 1]]",0.75,False,0.5420367,0.99065194
SignalJEPA_PreLocal__from_pretrained__new,SignalJEPA_PreLocal,from_pretrained,new,50,1,0.5,50.0,0.5,50.0,2,52,52,32,8,"[16, 16]","[4, 4]","[0, 8]","[[0, 4], [0, 4]]",1.0,True,0.50654833,0.99983705
SignalJEPA_PreLocal__from_pretrained__new,SignalJEPA_PreLocal,from_pretrained,new,50,2,0.5,50.0,0.5,50.0,3,51,51,32,8,"[16, 16]","[4, 4]","[0, 8]","[[0, 4], [0, 4]]",1.0,True,0.50620779,0.99986918
SignalJEPA_PreLocal__from_pretrained__new,SignalJEPA_PreLocal,from_pretrained,new,50,3,0.5,50.0,0.5,50.0,1,51,51,32,8,"[16, 16]","[4, 4]","[0, 8]","[[0, 4], [0, 4]]",1.0,True,0.50686691,0.99984933
SignalJEPA_PreLocal__from_pretrained__new,SignalJEPA_PreLocal,from_pretrained,new,50,4,0.375,37.5,0.375,37.5,579,629,629,32,8,"[16, 16]","[4, 4]","[3, 5]","[[1, 3], [2, 2]]",0.625,False,0.617503,0.94573885
SignalJEPA_PreLocal__from_pretrained__new,SignalJEPA_PreLocal,from_pretrained,new,50,5,0.375,37.5,0.375,37.5,209,257,257,32,8,"[16, 16]","[4, 4]","[5, 3]","[[2, 2], [3, 1]]",0.625,False,0.52354467,0.99754319
