pretrained_mode,strategy,subject_id,mean_accuracy,std_accuracy,mean_accuracy_percent,std_accuracy_percent,mean_balanced_accuracy,std_balanced_accuracy,mean_balanced_accuracy_percent,std_balanced_accuracy_percent,mean_confidence,mean_normalized_prediction_entropy,collapse_rate,n_folds
from_pretrained,new,1,0.475,0.10458250331675945,47.5,10.458250331675945,0.475,0.10458250331675945,47.5,10.458250331675945,0.506384042,0.999841148,0.4,5
from_pretrained,new,2,0.7,0.16770509831248423,70.0,16.77050983124842,0.7,0.16770509831248423,70.0,16.77050983124842,0.51568434,0.998882104,0.2,5
from_pretrained,new,3,0.625,0.1767766952966369,62.5,17.67766952966369,0.625,0.1767766952966369,62.5,17.67766952966369,0.515591798,0.998881546,0.0,5
from_pretrained,new,4,0.55,0.06846531968814577,55.0,6.846531968814577,0.55,0.06846531968814577,55.0,6.846531968814577,0.507975662,0.999739982,0.4,5
from_pretrained,new,5,0.475,0.05590169943749474,47.5,5.5901699437494745,0.475,0.05590169943749474,47.5,5.5901699437494745,0.506397202,0.9998563819999999,0.6,5
from_pretrained,new,6,0.5,0.08838834764831845,50.0,8.838834764831844,0.5,0.08838834764831845,50.0,8.838834764831844,0.5081033660000001,0.999712218,0.2,5
from_pretrained,new,7,0.65,0.16298006013006622,65.0,16.29800601300662,0.65,0.16298006013006622,65.0,16.29800601300662,0.510908962,0.9994443260000001,0.0,5
from_pretrained,new,8,0.55,0.14252192813739226,55.0,14.252192813739224,0.55,0.14252192813739226,55.0,14.252192813739224,0.513075526,0.99919783,0.4,5
from_pretrained,new,9,0.45,0.11180339887498948,45.0,11.180339887498949,0.45,0.11180339887498948,45.0,11.180339887498949,0.508089968,0.9996757900000001,0.2,5
from_pretrained,new,10,0.425,0.11180339887498948,42.5,11.180339887498949,0.425,0.11180339887498948,42.5,11.180339887498949,0.507801084,0.9997416859999999,0.4,5
from_pretrained,new,11,0.5,0.0,50.0,0.0,0.5,0.0,50.0,0.0,0.507680946,0.9998005400000001,1.0,5
from_pretrained,new,12,0.45,0.06846531968814576,45.0,6.846531968814577,0.45,0.06846531968814576,45.0,6.846531968814577,0.5067540779999999,0.999813204,0.6,5
from_pretrained,new,13,0.575,0.18957188610128875,57.5,18.957188610128878,0.575,0.18957188610128875,57.5,18.957188610128878,0.507708956,0.9997574840000001,0.4,5
from_pretrained,new,14,0.55,0.06846531968814579,55.0,6.846531968814578,0.55,0.06846531968814579,55.0,6.846531968814578,0.5060162979999999,0.9998630479999999,0.6,5
from_pretrained,new,15,0.5,0.08838834764831845,50.0,8.838834764831843,0.5,0.08838834764831845,50.0,8.838834764831843,0.505779006,0.9998755320000001,0.6,5
from_pretrained,new,16,0.5,0.0,50.0,0.0,0.5,0.0,50.0,0.0,0.507468112,0.9998117820000001,1.0,5
from_pretrained,new,17,0.5,0.08838834764831845,50.0,8.838834764831844,0.5,0.08838834764831845,50.0,8.838834764831844,0.5063351620000001,0.9998581999999999,0.6,5
from_pretrained,new,18,0.675,0.11180339887498951,67.5,11.180339887498947,0.675,0.11180339887498951,67.5,11.180339887498947,0.510290556,0.9994687299999999,0.2,5
from_pretrained,new,19,0.425,0.11180339887498948,42.5,11.180339887498949,0.425,0.11180339887498948,42.5,11.180339887498949,0.508759606,0.999628686,0.6,5
from_pretrained,new,20,0.625,0.1767766952966369,62.5,17.67766952966369,0.625,0.1767766952966369,62.5,17.67766952966369,0.510867838,0.9993415000000001,0.2,5
from_pretrained,new,21,0.625,0.125,62.5,12.5,0.625,0.125,62.5,12.5,0.512015684,0.999369684,0.2,5
from_pretrained,new,22,0.875,0.125,87.5,12.5,0.875,0.125,87.5,12.5,0.51521742,0.999043378,0.0,5
from_pretrained,new,23,0.5,0.0,50.0,0.0,0.5,0.0,50.0,0.0,0.5070694739999999,0.99983432,1.0,5
from_pretrained,new,24,0.45,0.11180339887498948,45.0,11.180339887498949,0.45,0.11180339887498948,45.0,11.180339887498949,0.506584006,0.9998455740000001,0.8,5
from_pretrained,new,25,0.5,0.0,50.0,0.0,0.5,0.0,50.0,0.0,0.50627365,0.999863804,1.0,5
from_pretrained,new,26,0.475,0.05590169943749475,47.5,5.590169943749474,0.475,0.05590169943749475,47.5,5.590169943749474,0.506871486,0.999835416,0.8,5
from_pretrained,new,27,0.55,0.11180339887498948,55.0,11.180339887498949,0.55,0.11180339887498948,55.0,11.180339887498949,0.506281288,0.9998558299999999,0.8,5
from_pretrained,new,28,0.5,0.0,50.0,0.0,0.5,0.0,50.0,0.0,0.506677858,0.999855868,1.0,5
from_pretrained,new,29,0.45,0.11180339887498948,45.0,11.180339887498949,0.45,0.11180339887498948,45.0,11.180339887498949,0.5085145219999999,0.999746704,0.8,5
from_pretrained,new,30,0.525,0.13693063937629155,52.5,13.693063937629153,0.525,0.13693063937629155,52.5,13.693063937629153,0.5122377260000001,0.999414808,0.4,5
from_pretrained,new,31,0.5,0.0,50.0,0.0,0.5,0.0,50.0,0.0,0.507316788,0.999806218,1.0,5
from_pretrained,new,32,0.475,0.10458250331675943,47.5,10.458250331675943,0.475,0.10458250331675943,47.5,10.458250331675943,0.506506886,0.9998389120000001,0.4,5
from_pretrained,new,33,0.5,0.0,50.0,0.0,0.5,0.0,50.0,0.0,0.5068402240000001,0.99983811,1.0,5
from_pretrained,new,34,0.775,0.18540496217739158,77.5,18.540496217739157,0.775,0.18540496217739158,77.5,18.540496217739157,0.514548818,0.999132786,0.2,5
from_pretrained,new,35,0.6,0.13693063937629152,60.0,13.693063937629153,0.6,0.13693063937629152,60.0,13.693063937629153,0.507470384,0.9997655480000001,0.6,5
from_pretrained,new,36,0.5,0.0,50.0,0.0,0.5,0.0,50.0,0.0,0.5065496620000001,0.9998541700000001,1.0,5
from_pretrained,new,37,0.55,0.11180339887498948,55.0,11.180339887498949,0.55,0.11180339887498948,55.0,11.180339887498949,0.5171508100000001,0.998704324,0.2,5
from_pretrained,new,38,0.725,0.2053959590644373,72.5,20.53959590644373,0.725,0.2053959590644373,72.5,20.53959590644373,0.5149932460000001,0.9991021800000001,0.0,5
from_pretrained,new,39,0.525,0.055901699437494755,52.5,5.5901699437494745,0.525,0.055901699437494755,52.5,5.5901699437494745,0.5075395819999999,0.999808976,0.8,5
from_pretrained,new,40,0.55,0.11180339887498948,55.0,11.180339887498949,0.55,0.11180339887498948,55.0,11.180339887498949,0.5068424659999999,0.999835158,0.6,5
from_pretrained,new,41,0.55,0.14252192813739223,55.0,14.252192813739224,0.55,0.14252192813739223,55.0,14.252192813739224,0.507595502,0.999725786,0.4,5
from_pretrained,new,42,0.575,0.06846531968814579,57.5,6.846531968814578,0.575,0.06846531968814579,57.5,6.846531968814578,0.5076140600000001,0.999720838,0.2,5
from_pretrained,new,43,0.5,0.08838834764831845,50.0,8.838834764831844,0.5,0.08838834764831845,50.0,8.838834764831844,0.506447266,0.999834498,0.6,5
from_pretrained,new,44,0.525,0.055901699437494734,52.5,5.590169943749474,0.525,0.055901699437494734,52.5,5.590169943749474,0.50659999,0.9998463619999999,0.8,5
from_pretrained,new,45,0.5,0.08838834764831843,50.0,8.838834764831843,0.5,0.08838834764831843,50.0,8.838834764831843,0.508147036,0.999722304,0.2,5
from_pretrained,new,46,0.575,0.06846531968814577,57.5,6.846531968814577,0.575,0.06846531968814577,57.5,6.846531968814577,0.507521912,0.9997869859999999,0.2,5
from_pretrained,new,47,0.45,0.11180339887498948,45.0,11.180339887498949,0.45,0.11180339887498948,45.0,11.180339887498949,0.5059612,0.999873344,0.8,5
from_pretrained,new,48,0.525,0.10458250331675945,52.5,10.458250331675945,0.525,0.10458250331675945,52.5,10.458250331675945,0.505922816,0.9998647439999999,0.4,5
from_pretrained,new,49,0.5,0.0,50.0,0.0,0.5,0.0,50.0,0.0,0.5061358119999999,0.99988071,1.0,5
from_pretrained,new,50,0.525,0.05590169943749474,52.5,5.5901699437494745,0.525,0.05590169943749474,52.5,5.5901699437494745,0.507580946,0.999722266,0.6,5
